,1501,1502,1503,1504,1505,1701,1702,1703,1704,1705,1706,1707,1709,1711,2701,2702,2703,2704,2705,2706,2707,2708,3702,3704,3705,3793,3795,3796,3797,3798,4701,4702,4703,4704,4705,4706,4707,4708,4709,4710,4712,4713,4714,4716,4798,4799,5794,5795,5797,5798,5799,6701,6703,6704,6705,6706,6708,6710,6711,6712,6713,6714,6715,6716,7791,7793,7794,7795,7796,7797,7798,8701,8702,8704,8706,9701,9702,9703,9704,9705,9706
2022-05-30 18:37:00,2022/05/4684bbfe-ea47-4162-9b9a-565a87d84ab5.jpg,2022/05/b4b41df2-3e1c-447d-b951-2fe70e7dc479.jpg,2022/05/7dd1c3fb-ed52-4e29-9ee8-aa11708c06a2.jpg,2022/05/7b887d7b-8410-4cf5-92ec-947df35adf0d.jpg,2022/05/74fa5883-6d52-4739-9a99-725e12911e04.jpg,2022/05/a9e371cd-6e8e-4c56-a44f-048242ac1c21.jpg,2022/05/d5df2b6f-a4ba-4088-8df0-776c548f6ebe.jpg,2022/05/c3134adf-2ab0-4534-b5b1-76efd6ca4016.jpg,2022/05/b4dc378c-9704-44ec-88e4-da623877f34f.jpg,2022/05/a7700349-ef7e-4084-ac5f-f458d1da8048.jpg,2022/05/297aadfc-79d1-4c09-8acc-a46224bedf21.jpg,2022/05/c7a1939b-7d75-494b-aa79-bef380489d80.jpg,2022/05/142d905b-e600-4c17-a87d-76f319e279dd.jpg,2022/05/11573a76-588d-4934-b21d-67c4724907cd.jpg,2022/05/0725486f-597b-4a8c-94b9-b11b0ea11960.jpg,2022/05/d889dadb-09f6-435d-afd6-b376b8748341.jpg,2022/05/42c6ce23-ad50-4d17-95cc-82942d0c5bf0.jpg,2022/05/d7f8272c-bdb8-4256-bf15-20227077adb8.jpg,2022/05/423bd2f1-d8b8-4c80-9560-eff38c9c3b15.jpg,2022/05/f84b11d8-53b5-4804-aa9b-0c9df6589c08.jpg,2022/05/30e6b044-8806-4d6a-9a90-8d584dc06cca.jpg,2022/05/52549b88-f727-43ab-b845-3d1af3956457.jpg,2022/05/c9cf88e9-8415-4a6a-af08-d9e56fc95cda.jpg,2022/05/17576ed7-97ad-478d-99a4-91d7c9b401cf.jpg,2022/05/1059f834-88da-4c2d-9165-b3c94dbc14d5.jpg,2022/05/3684958e-39f5-4854-ac48-c96f8f8e8018.jpg,2022/05/3f3ddb85-cc7c-4501-b222-76c42f9eae67.jpg,2022/05/7e68b31c-0bdf-401b-b9a3-0db27be7cc71.jpg,2022/05/d7259816-1f1b-4da0-85b8-5daad4d25b42.jpg,2022/05/06d68260-1066-4322-aa3d-dc0def22b367.jpg,2022/05/71750b8a-cc2b-463b-a38d-d3e1a0b94043.jpg,2022/05/aba44cd1-2750-47bd-8ee8-7502fc813fce.jpg,2022/05/6a12fa94-cb77-4efb-959c-85eb236c3024.jpg,2022/05/ec0dcc85-6704-4464-9107-2edc92ebc3bb.jpg,2022/05/67325ba2-fc3a-4a08-8f03-b8951cfe1b42.jpg,2022/05/c81ab8db-0149-45c6-aed8-64c30914365d.jpg,2022/05/9584cb1f-313d-43c5-951e-e4d4f1546e0c.jpg,2022/05/caa1d342-7566-4db9-9787-e88aaaa04684.jpg,2022/05/72db653d-fa75-46a1-bf88-9d9f860fba7a.jpg,2022/05/a119892b-157b-4045-b76d-9278c7e5c74d.jpg,2022/05/4fd577ce-1b8b-4bfc-a639-c0955655569f.jpg,2022/05/a0c6e509-848d-4f72-8e46-e5212d46e26c.jpg,2022/05/b64b80eb-e554-412d-9c7e-323032b1d2f4.jpg,2022/05/47d39559-8574-429e-b1f3-48990d4bc520.jpg,2022/05/b3f3263f-306a-4f62-a796-ddd11fbc9a66.jpg,2022/05/18cbfe4b-a746-4c96-9204-11341e995118.jpg,2022/05/f35e5d72-dce6-4b83-a000-5e3d389e2571.jpg,,2022/05/cb143b62-ef63-4871-a7fc-983f9d3c860f.jpg,2022/05/03a5a8a5-d16a-4e9d-9b96-95f874abe7ae.jpg,2022/05/142e990d-9c8e-4106-817c-987f33bf0fcb.jpg,2022/05/d17e9426-f066-44c8-ac74-0daf6026829f.jpg,2022/05/397c2d74-1811-4521-a922-5c5dae059402.jpg,2022/05/39ae9b79-0e73-45e4-9a2d-ab8a6fb707d9.jpg,2022/05/95ac02ed-8a61-41f9-b00c-2fecb7682fd2.jpg,2022/05/97055f5d-ab71-42f9-9f39-1b76b6cf2aa8.jpg,2022/05/a93efa20-1953-4cd2-a6f0-666a81f52970.jpg,2022/05/5258d89f-14ce-4ea5-9b94-a9995c774e94.jpg,2022/05/9a2810dd-f7ed-4c20-8ed8-2ad7be508f05.jpg,2022/05/8599b474-adcb-447d-856b-44ee77b5c19a.jpg,2022/05/6d0f38fa-2033-4ed9-bc8d-b0443c973fab.jpg,2022/05/b109b4e1-949b-4986-89b8-cec7921c84f9.jpg,2022/05/d9077cfa-6f8a-4320-adce-e82cf87f72db.jpg,2022/05/395e31cc-3a5a-444e-bfc1-aa3ed05d9d46.jpg,2022/05/619aa081-7630-4b5c-90ad-1fd2d2ac0ba6.jpg,2022/05/d9b4f4df-5c25-45a8-b218-0bf83339b3e2.jpg,2022/05/8bc16e74-07eb-4cae-b424-cb26843601c5.jpg,2022/05/e75066db-e2fa-413a-980d-0f5b63e8f948.jpg,2022/05/f7c10741-14b0-49b7-8601-5cbdc4993285.jpg,2022/05/a4edba5c-c1eb-43a0-9d5d-f4d649337565.jpg,2022/05/4583b9de-8aca-44ef-816f-20043bfdf04b.jpg,2022/05/83c962c6-f500-4344-a7ec-8a61af5795a3.jpg,2022/05/b5144f59-ca2d-401b-8fbc-cc1ee8ed9a2b.jpg,2022/05/1f009bf7-cd2d-4c76-8a6f-0a4cde0d8911.jpg,2022/05/e54fec09-bda3-4f5e-af27-dc639ce6cdfe.jpg,2022/05/ba1786d7-6720-4914-88b6-9c03270ef76c.jpg,2022/05/aa90f148-0297-4930-b9ae-395085d5af08.jpg,2022/05/575f7fb2-25df-40c8-9c28-f7a816616f07.jpg,2022/05/2b3a78f1-a60b-4858-bc54-d8d8ccd3f9cc.jpg,2022/05/6ce879e0-b2ca-47ca-b48b-2b9510bf585d.jpg,2022/05/75d3c951-4563-4a01-8079-f9604271bebc.jpg
2022-10-29 19:46:00,2022/10/fa0ef62e-07bc-4c48-9882-eeb93899cbca.jpg,2022/10/e86de6ce-3f63-4de0-985c-3886113bbec2.jpg,2022/10/b5e4aad1-00b7-44a0-bed0-6f91cb3bae76.jpg,2022/10/04b9ba2d-c1b2-4d54-9969-bdb951777fde.jpg,2022/10/0555b08d-3c04-4bbc-825b-80edc452102a.jpg,2022/10/40cadcb5-be12-40fa-af37-192992043613.jpg,2022/10/c2c9da00-b9d5-45d7-9d56-b51ab5557c34.jpg,2022/10/ecbe49da-61f1-46f4-b83d-2cf48ecb1e1b.jpg,2022/10/c5e58d99-88c9-49f3-ad3d-ef7e707b40b4.jpg,2022/10/266b5e7d-b98c-4c9a-aee8-926ca9f1b465.jpg,2022/10/45f82b4f-b93b-4eb6-910d-b243cd94cd47.jpg,2022/10/f86a3a69-690a-4f36-ae21-271cd260ceec.jpg,2022/10/7a25664d-7143-46e5-b8ab-a5a0e9825f0e.jpg,2022/10/9e594ee9-a6ab-46b4-b8c0-903b53085942.jpg,2022/10/71cf671f-8332-4343-a0b7-f575cd031d10.jpg,2022/10/55875f46-319f-43f2-a0b6-1e465ebfb1cb.jpg,2022/10/19b55840-2911-4251-bead-0cbee22832c4.jpg,2022/10/f07e2a05-8416-41c6-a6fd-76ee91a06e2e.jpg,2022/10/266a0c05-3789-47c8-a447-b12373bd1f65.jpg,2022/10/0e22f459-fb1e-49ac-8803-2d78dcd873d6.jpg,2022/10/704ba9a0-10ce-442a-9a09-07683b692cc9.jpg,2022/10/15a07ccb-5fce-41f5-8573-e31a9a1d13aa.jpg,2022/10/05245bc0-c6c2-46be-8dba-2a4fc71f0ea8.jpg,2022/10/62b86e07-594e-42ba-b34a-137814a2f569.jpg,2022/10/c8bd8f0f-bb82-4048-9c53-5f6bb3fec77d.jpg,2022/10/050521f9-2a48-4770-9cbb-8d21d386dbc0.jpg,2022/10/24593044-2309-4481-8dfb-bbcfc4ecffec.jpg,2022/10/3f10a40e-ed0a-4265-974d-2783d1a0a139.jpg,2022/10/d989c30b-92e5-45c8-80e7-337f504c43ec.jpg,2022/10/8b638a5c-1afa-43a7-9f91-091f4dc17de6.jpg,2022/10/092dd87f-fe4d-4864-9a57-854b662f3c02.jpg,2022/10/05389527-2522-4413-aabf-681257d53dc7.jpg,2022/10/8d8f3309-73a3-4c35-af1d-c0996571e372.jpg,2022/10/823fbb24-591c-4f9f-b6b7-099f7cac5f6c.jpg,2022/10/d0235bef-dcf1-478f-92fc-d149b2e75be7.jpg,2022/10/d4d0f29e-0b9e-45de-b764-d4abc5695f11.jpg,2022/10/a2b2d560-b9fd-4e54-b497-6a3dadccd334.jpg,2022/10/2275437f-c0b6-410a-9f62-bd23621d2efb.jpg,2022/10/495925b6-88dd-4113-bfb6-7da162cd505b.jpg,2022/10/426354af-c1b0-4cbb-a54b-a422a8539dff.jpg,2022/10/2de54fbe-5018-4d78-90c8-19f2e8829340.jpg,2022/10/00bbaa97-5b47-4ae3-9b13-a19412b25f82.jpg,2022/10/be7113f3-9010-4284-be46-fd20e8fd393d.jpg,2022/10/3c4873a0-7443-4f17-bca0-2dc983917f58.jpg,2022/10/98ad66cd-280a-44a4-bd0e-14246a6f1d5a.jpg,2022/10/f8cbdeb2-15d9-4078-ad49-59d2bf8d23a5.jpg,2022/10/c6b8197c-e07a-4eb6-839a-c1c9b21a60ba.jpg,2022/10/acc1a11e-7cd3-4d56-bd62-46f9c4bf9a56.jpg,2022/10/91975848-7eb6-4611-b21d-6f841597c56b.jpg,2022/10/87a35116-9c01-4a88-a33e-7d063f249f4f.jpg,2022/10/24544781-05c8-47d9-9c7e-d6c70427d5c3.jpg,2022/10/146ba732-6968-4f02-a78c-037e31b17b9c.jpg,2022/10/e7b8193e-1418-4e4d-901a-e1f055a373b3.jpg,,2022/10/d197b438-c2f7-4376-9f6e-e3536f0e62bf.jpg,2022/10/e7499463-2671-4a5d-99e6-acdd355db13b.jpg,2022/10/90d90c09-e9bc-4975-a651-c6a35fd025a0.jpg,2022/10/672afe46-a754-447b-9220-f29f13ef8b66.jpg,2022/10/f144fe52-41f0-46d0-9cf1-f3dad6c73076.jpg,2022/10/5cac5282-fe6a-4626-a03d-2bf35af63d04.jpg,2022/10/e5e8b5c4-0b13-4b6d-9dfb-71ff61a515f0.jpg,2022/10/366344c0-4e0c-482a-98cc-1e5fbf9bb84a.jpg,2022/10/3325ca03-a535-441e-bcaf-8c053602878c.jpg,2022/10/fdf38c64-300e-4ce8-bab2-9b9c5ad37686.jpg,2022/10/aeb5f234-193b-4de7-b165-2b3c25e1a8c3.jpg,2022/10/49fe6db8-5905-4f94-846c-96ad816f6ea2.jpg,2022/10/c5e1b9e8-7497-4802-99f8-a8c3b09c04ef.jpg,2022/10/e46f9d0b-3aa8-475f-a011-c3dced71c5db.jpg,2022/10/c40566cf-b738-494e-b0c7-20f5b86cfd70.jpg,2022/10/744ff3a7-7792-434e-a354-2eb4fb5129a3.jpg,2022/10/c315b10c-fcf3-49e4-ae9d-652215c9516f.jpg,2022/10/b13f1a63-3290-4e36-8e43-bd610153fc08.jpg,2022/10/949e841b-692d-466e-8d31-53e12660b3ba.jpg,2022/10/78b7404e-c5aa-4362-9281-f3a0b89b97b4.jpg,,2022/10/8e57b9a8-ec35-44b4-b358-3a0d7750af05.jpg,2022/10/b7500eca-faed-406c-b3d0-76b87a61966a.jpg,2022/10/846e4a51-1e3c-4d2f-9b96-757450861c14.jpg,2022/10/ab2701f3-c6d8-4404-8bb1-9d9bdc5b7e6b.jpg,2022/10/b049e241-6e82-44ef-8392-172525d69875.jpg,2022/10/9acd6b80-fdcb-4f12-96cf-8d104d1e60da.jpg
2022-10-29 23:56:00,2022/10/0677d337-01a5-4699-93f7-c58a195912d0.jpg,2022/10/dc9c8f0d-6a17-488e-b465-34e9350fe905.jpg,2022/10/f831b38e-14b4-4437-8767-b2a722e1eae7.jpg,2022/10/f72e977e-3c37-4f9c-8b0d-439e8dfc13a4.jpg,2022/10/71d89875-869b-4e7c-a956-a02bea184512.jpg,2022/10/fb1aef2b-169e-4270-84bc-b098ae515565.jpg,2022/10/2cb61ce0-d72f-4bd4-acb8-a185d8a790c6.jpg,2022/10/97fe5a2c-f811-4d7f-8be7-f7a8f0a78652.jpg,2022/10/4070245c-2278-43a3-855c-4a9d078119ac.jpg,2022/10/9b685659-7e80-479e-bbb9-c0dc0b85e3d0.jpg,2022/10/c084ff3c-64fc-4d76-bcf3-fb90f96ef7ff.jpg,2022/10/423bf312-74ff-46ad-b05c-d1f7c36c61c2.jpg,2022/10/95dc2453-56ae-40d0-bbdb-a93a40c1bb1f.jpg,2022/10/a8172164-4fcf-453b-815e-6ff44f40feda.jpg,2022/10/34573fbe-a0ba-4923-b02b-63f9aeae3d89.jpg,2022/10/1d980e07-faeb-4486-b2e6-9e85d84c73e5.jpg,2022/10/449d5466-dc66-4e67-ad62-c72df12e11b7.jpg,2022/10/08787570-2d4b-4fba-9544-198585d80895.jpg,2022/10/b9962eb6-575b-4f75-a525-06319aa7ef71.jpg,2022/10/4a623387-67f1-4d1b-a0a3-5fefbdd4596d.jpg,2022/10/29e66d48-2eec-4334-9759-9e29c60d9aed.jpg,2022/10/98745667-0f24-4d97-ba1e-289dddf1a05b.jpg,2022/10/82f35555-28bf-4b0e-999e-43698dc1caaf.jpg,2022/10/f9e72a03-e7de-4684-8037-6f14209112b4.jpg,2022/10/011968a6-a273-4f0d-b9f6-8464219f91c8.jpg,2022/10/f3c34b42-b1fa-4c70-80c7-cbebb4047ce1.jpg,2022/10/2930d404-bcab-4d0f-87b2-3cd89c487e33.jpg,2022/10/e3ebeca9-c060-4fed-bae6-fc6ceffd7d72.jpg,2022/10/51ed0c00-a709-4002-859e-d0055c90cad6.jpg,2022/10/08bce74b-ecde-4fa1-b28e-5ee917a6f095.jpg,2022/10/e2fa9a49-819f-40e0-ae2c-a5571e3a6893.jpg,2022/10/c561178c-a511-4d56-a0b3-1865cf93b766.jpg,2022/10/e00c67a1-6d25-4fdf-9fca-60f2fba6fec4.jpg,2022/10/b1ab1d21-1c0c-488b-a6a0-8a4ae014b666.jpg,2022/10/2fc5f500-7389-4711-9b1d-fd1ed5219aaa.jpg,2022/10/0c2db97b-5fb5-4b9f-8de3-ddd823d48f52.jpg,2022/10/87b83440-ddbe-41dd-bb21-6b5a2969173c.jpg,2022/10/befdd195-eaa3-4dfd-a151-8e2724aed245.jpg,2022/10/393b5974-c0bf-4c37-a39a-d4fc09e90519.jpg,2022/10/b8f8b99b-4c27-4c99-8d64-dc3b4aceb903.jpg,2022/10/e77c4089-4ac7-4f9c-b1d3-936f94274bbb.jpg,2022/10/92b62004-0ef7-4987-8418-c271d0862bbb.jpg,2022/10/f0952b6a-d768-4cf6-8c9b-7299b71f9e34.jpg,2022/10/3c7629c4-ef5b-4742-9436-3aeee4476283.jpg,2022/10/5bf6fca4-14e1-455e-9602-0c923197242f.jpg,2022/10/80118c22-9053-4fbf-86cf-585bee499bc1.jpg,2022/10/2390ae94-64bd-4c94-ae12-fad9a1497385.jpg,2022/10/641c3e56-43ec-4f04-9ec7-d8658ebfd171.jpg,2022/10/4f511359-3d1d-44e9-86cb-21973f891869.jpg,2022/10/be6a1d26-5e75-4852-a5be-9bc474d982f0.jpg,2022/10/c3a49297-b6cd-4bb0-bea0-134095a0a971.jpg,2022/10/4c6d465c-2a7e-42e7-a80b-7b603fec5331.jpg,2022/10/e09fd0cf-6fed-49b4-bbf8-bc135e92cc25.jpg,2022/10/934a4011-df86-412c-bff7-b2ce67d045cc.jpg,2022/10/2828748e-ab0e-42bc-8dda-8afd86297981.jpg,2022/10/c51adf0a-9bd7-4e4d-93d5-f542390372f6.jpg,2022/10/6c320d5d-a7f6-4e4f-ae14-70f8e5e99240.jpg,2022/10/078427d2-5516-415f-bbcf-f70e5991df17.jpg,2022/10/ae81ac1e-8bc1-4a6d-be2b-d3165fd9f1aa.jpg,2022/10/8387f69f-9212-4212-89ac-e95a74272967.jpg,2022/10/c936634a-6b04-4921-9a75-aa1eb4f8c3cd.jpg,2022/10/b548f689-9076-4f2a-876a-bdfda0101a9f.jpg,2022/10/6f093472-3028-4a44-b5f1-f433d2a5ed60.jpg,2022/10/50cb8123-bd20-4cf1-abe0-729477d62d3c.jpg,2022/10/aa3a8b02-c422-4ef9-a701-72afadb54f5d.jpg,2022/10/4a4f24a0-6d92-426a-a77e-3b79d4b63482.jpg,2022/10/493aa9d6-d054-4893-b3f7-d4238aca9a03.jpg,2022/10/17199a5b-c8df-4eda-a103-6f440ed1d0f5.jpg,2022/10/4b49f196-ae39-413e-a78a-a94c67fda9b2.jpg,2022/10/a513c6f6-192c-487f-8e84-6f514a8bc6ff.jpg,2022/10/524737e9-025d-4c8e-9d7f-47515240a5e8.jpg,2022/10/0584063d-0d69-4a57-9b3c-c9b547ec91b4.jpg,2022/10/e0990477-cc4b-4369-9fad-2fb274d262ab.jpg,2022/10/7f9c1a6e-96f1-49c2-ae77-7c8335e11e40.jpg,2022/10/4b2c86ff-7c84-4629-a576-56dd383aa4df.jpg,2022/10/ce40731f-63cb-42be-bb70-c4ce13944a76.jpg,2022/10/9165306e-bb72-436e-a706-e05fe8e0d0a2.jpg,2022/10/45fec792-a37e-474c-b733-fad31cc6984b.jpg,2022/10/cd6fba6e-b342-4d8d-ab82-84bf58e2b2b9.jpg,2022/10/f5a7cd46-3a2b-47aa-a73e-37433e9b0fe6.jpg,2022/10/75026955-ff9d-4629-a1d8-97c25fcfca09.jpg
2022-10-30 01:02:00,2022/10/221f451a-8836-4d5d-98c6-db0feeb45894.jpg,2022/10/85b83fa3-ba96-410f-ab20-00d51b858091.jpg,2022/10/80c194b0-6bea-493d-b247-746d6a8b56ca.jpg,2022/10/7cd92496-aebf-4c3e-812b-2aec7e022178.jpg,2022/10/9d211b02-3a0e-4cc3-9275-01c917c8c0f4.jpg,2022/10/fa2b0630-0bbc-4d2b-901f-cb73e52b6959.jpg,2022/10/04022fb0-75fb-4d9c-802c-9ee28fed47e1.jpg,2022/10/5f612713-9f84-41f1-95a2-504df9b0843c.jpg,2022/10/bfabe89d-f193-482d-98a5-2ea0234cf086.jpg,2022/10/b50e5591-8ea4-4af2-af4e-874220063b2a.jpg,2022/10/81b19221-8f46-42df-84bb-c1d09ad78917.jpg,2022/10/d689fbf9-7273-4dfa-ae13-d23a19a4e813.jpg,2022/10/9c77065a-3cc0-4e13-a20a-b7b141da62a5.jpg,2022/10/1a23097b-a1db-491a-abf6-e7fbe8c5d9b8.jpg,2022/10/2ec862b4-760e-4869-a655-f5bf5669518d.jpg,2022/10/22a20273-d744-4b70-8fe6-efd3095e52fb.jpg,2022/10/c0d5cde0-011f-424a-b4c5-f05ef21cdc6e.jpg,2022/10/0f709c03-3f0a-4e90-8606-bcfb7a80c15e.jpg,2022/10/9bee1f4c-58f2-4065-aa63-82eec0a01f4e.jpg,2022/10/dc81fbdf-6ee1-4c18-a3e3-c0200f321c7c.jpg,2022/10/7277f3d8-a431-488e-9c58-96ecbec47bb8.jpg,2022/10/83799c4c-56b3-455d-b64d-1b2e115c9988.jpg,2022/10/749429a6-fc1a-4b7c-9b7f-0e2521796d33.jpg,2022/10/b5abb3fe-c164-4240-9d27-ffcdd423e395.jpg,2022/10/d91c1810-494f-4784-8d62-7b619dc17197.jpg,2022/10/b591d855-a7d1-4999-86f6-9bbc35c548c7.jpg,2022/10/6bfc4f7d-f994-4ab3-ab6a-7946ec3a1c55.jpg,2022/10/86863d01-dd72-4f7d-9a09-53a2040ae705.jpg,2022/10/4b5c10b9-d1ac-4a2b-8dfa-36024ef7e9b8.jpg,2022/10/4dae754b-b8c1-4303-afe2-d4ad3dc3beab.jpg,2022/10/3f982fd6-7ab3-47db-8040-973f75ac31c2.jpg,2022/10/4b171096-f78b-4ed7-ac86-7e39bd0926b8.jpg,2022/10/f9ed1b30-1bcf-4e57-8013-51d5944caffe.jpg,2022/10/8c82b7d7-5c28-4cda-b773-1a5692db42af.jpg,2022/10/24570404-8c00-4663-a018-7d076abf738b.jpg,2022/10/12434ac5-7944-4b1e-b41e-fec50b84fc81.jpg,2022/10/7d39be2f-189d-4b5a-8168-4a5b0bc0d8c0.jpg,2022/10/a3f7c011-7e0e-4091-83bf-4d7d0d902014.jpg,2022/10/05407b78-a92c-48ff-861b-9cc527f4e9de.jpg,2022/10/0abd0f46-503e-490b-903d-97f5a2771b9e.jpg,2022/10/fe432a6b-b394-4e22-a839-98bff909308d.jpg,2022/10/5ba9b34f-c24b-407a-a964-323360011c36.jpg,2022/10/e4d01d88-1fcb-474f-86ae-35a916990dc3.jpg,2022/10/4ec0620b-2615-4062-a6da-4e6aef25a32a.jpg,2022/10/412c580d-c0e9-4cd8-ba84-fb830f8f3f95.jpg,2022/10/d16e2466-8aef-420b-b1ed-e388cea0b7a3.jpg,2022/10/92d70dc7-bb27-4d6b-864b-e69207ebac66.jpg,2022/10/ae59f841-33d4-4555-8a65-7d6f2dc04d2e.jpg,2022/10/6ef6092c-9203-4d0d-9ddd-8ed978a27e4b.jpg,2022/10/7d66c5b9-e435-47ed-b5e0-85b413deea59.jpg,2022/10/8444131b-9ab3-4b6d-8c71-d80fde453178.jpg,2022/10/a9389f82-643d-4b21-8095-938132fd278e.jpg,2022/10/e807e6a0-797a-4d4d-9938-9a8c30d1feae.jpg,2022/10/7650a93c-a026-419a-94e6-95443b9ca5e3.jpg,2022/10/995c1252-ffca-4939-817a-1738b7b2a8d1.jpg,2022/10/58d97901-8796-46cc-b8da-04e61f7559aa.jpg,2022/10/910af3db-b24f-42c5-838a-f18c2cc0aef2.jpg,2022/10/151ca768-f08f-468f-824a-1bbb19dc00ab.jpg,2022/10/ed9a1123-d340-48ef-a3e0-0813d58de290.jpg,2022/10/e7c3059e-6f6e-407d-802d-7d31ced505f2.jpg,2022/10/187fb279-ab4c-4d33-9c8b-29c10ca49aab.jpg,2022/10/1357a194-686f-4df3-b796-f05be5d6ac0e.jpg,2022/10/c54a6e7b-5497-46cd-83d1-cf254e2bb3a2.jpg,2022/10/a74073cb-0eb2-42e3-92a3-673790758edb.jpg,2022/10/c0e328f8-e817-4d2c-94d8-d0081e526ef4.jpg,2022/10/08be3f6b-6fa3-4dee-bcf4-dae2a316f8e9.jpg,2022/10/07563829-21bd-4662-963b-e28d924e7e02.jpg,2022/10/41cb166d-5a04-4995-9269-7cdbd71b449b.jpg,2022/10/243fe945-b38b-49ab-9b36-599accc6542d.jpg,2022/10/6f8dbaae-2055-4001-9ed1-843620f96028.jpg,2022/10/5886f77a-2e90-4123-b3f5-7e484f36a764.jpg,2022/10/035b1fc0-dc9b-4873-8b0e-cc5eb26bf5a6.jpg,2022/10/9f1e1f29-a9ef-48e3-aed2-cc47487ece2b.jpg,2022/10/3dbf293f-f307-483e-8c52-0e97b407a8fd.jpg,2022/10/135876c8-3e79-46d5-85e3-7a32147a005c.jpg,2022/10/98686a07-7f04-447c-87f7-6b76ad3c3b1e.jpg,2022/10/bd722ca5-2812-4827-8805-a40538065f5d.jpg,2022/10/8e19616f-7235-4a5a-8b4c-d00dfa2b133e.jpg,2022/10/f1823ea2-a799-45a9-aa19-058ac46362f5.jpg,2022/10/f71d1fbc-fadb-459d-affb-d3d453ec9a17.jpg,2022/10/b4f3b283-18a0-4b75-9d7a-be9bc2a562fc.jpg
2022-10-30 01:02:00,2022/10/221f451a-8836-4d5d-98c6-db0feeb45894.jpg,2022/10/85b83fa3-ba96-410f-ab20-00d51b858091.jpg,2022/10/80c194b0-6bea-493d-b247-746d6a8b56ca.jpg,2022/10/7cd92496-aebf-4c3e-812b-2aec7e022178.jpg,2022/10/9d211b02-3a0e-4cc3-9275-01c917c8c0f4.jpg,2022/10/fa2b0630-0bbc-4d2b-901f-cb73e52b6959.jpg,2022/10/04022fb0-75fb-4d9c-802c-9ee28fed47e1.jpg,2022/10/5f612713-9f84-41f1-95a2-504df9b0843c.jpg,2022/10/bfabe89d-f193-482d-98a5-2ea0234cf086.jpg,2022/10/b50e5591-8ea4-4af2-af4e-874220063b2a.jpg,2022/10/81b19221-8f46-42df-84bb-c1d09ad78917.jpg,2022/10/d689fbf9-7273-4dfa-ae13-d23a19a4e813.jpg,2022/10/9c77065a-3cc0-4e13-a20a-b7b141da62a5.jpg,2022/10/1a23097b-a1db-491a-abf6-e7fbe8c5d9b8.jpg,2022/10/2ec862b4-760e-4869-a655-f5bf5669518d.jpg,2022/10/22a20273-d744-4b70-8fe6-efd3095e52fb.jpg,2022/10/c0d5cde0-011f-424a-b4c5-f05ef21cdc6e.jpg,2022/10/0f709c03-3f0a-4e90-8606-bcfb7a80c15e.jpg,2022/10/9bee1f4c-58f2-4065-aa63-82eec0a01f4e.jpg,2022/10/dc81fbdf-6ee1-4c18-a3e3-c0200f321c7c.jpg,2022/10/7277f3d8-a431-488e-9c58-96ecbec47bb8.jpg,2022/10/83799c4c-56b3-455d-b64d-1b2e115c9988.jpg,2022/10/749429a6-fc1a-4b7c-9b7f-0e2521796d33.jpg,2022/10/b5abb3fe-c164-4240-9d27-ffcdd423e395.jpg,2022/10/d91c1810-494f-4784-8d62-7b619dc17197.jpg,2022/10/b591d855-a7d1-4999-86f6-9bbc35c548c7.jpg,2022/10/6bfc4f7d-f994-4ab3-ab6a-7946ec3a1c55.jpg,2022/10/86863d01-dd72-4f7d-9a09-53a2040ae705.jpg,2022/10/4b5c10b9-d1ac-4a2b-8dfa-36024ef7e9b8.jpg,2022/10/4dae754b-b8c1-4303-afe2-d4ad3dc3beab.jpg,2022/10/3f982fd6-7ab3-47db-8040-973f75ac31c2.jpg,2022/10/4b171096-f78b-4ed7-ac86-7e39bd0926b8.jpg,2022/10/f9ed1b30-1bcf-4e57-8013-51d5944caffe.jpg,2022/10/8c82b7d7-5c28-4cda-b773-1a5692db42af.jpg,2022/10/24570404-8c00-4663-a018-7d076abf738b.jpg,2022/10/12434ac5-7944-4b1e-b41e-fec50b84fc81.jpg,2022/10/7d39be2f-189d-4b5a-8168-4a5b0bc0d8c0.jpg,2022/10/a3f7c011-7e0e-4091-83bf-4d7d0d902014.jpg,2022/10/05407b78-a92c-48ff-861b-9cc527f4e9de.jpg,2022/10/0abd0f46-503e-490b-903d-97f5a2771b9e.jpg,2022/10/fe432a6b-b394-4e22-a839-98bff909308d.jpg,2022/10/5ba9b34f-c24b-407a-a964-323360011c36.jpg,2022/10/e4d01d88-1fcb-474f-86ae-35a916990dc3.jpg,2022/10/4ec0620b-2615-4062-a6da-4e6aef25a32a.jpg,2022/10/412c580d-c0e9-4cd8-ba84-fb830f8f3f95.jpg,2022/10/d16e2466-8aef-420b-b1ed-e388cea0b7a3.jpg,2022/10/92d70dc7-bb27-4d6b-864b-e69207ebac66.jpg,2022/10/ae59f841-33d4-4555-8a65-7d6f2dc04d2e.jpg,2022/10/6ef6092c-9203-4d0d-9ddd-8ed978a27e4b.jpg,2022/10/7d66c5b9-e435-47ed-b5e0-85b413deea59.jpg,2022/10/8444131b-9ab3-4b6d-8c71-d80fde453178.jpg,2022/10/a9389f82-643d-4b21-8095-938132fd278e.jpg,2022/10/e807e6a0-797a-4d4d-9938-9a8c30d1feae.jpg,2022/10/7650a93c-a026-419a-94e6-95443b9ca5e3.jpg,2022/10/995c1252-ffca-4939-817a-1738b7b2a8d1.jpg,2022/10/58d97901-8796-46cc-b8da-04e61f7559aa.jpg,2022/10/910af3db-b24f-42c5-838a-f18c2cc0aef2.jpg,2022/10/151ca768-f08f-468f-824a-1bbb19dc00ab.jpg,2022/10/ed9a1123-d340-48ef-a3e0-0813d58de290.jpg,2022/10/e7c3059e-6f6e-407d-802d-7d31ced505f2.jpg,2022/10/187fb279-ab4c-4d33-9c8b-29c10ca49aab.jpg,2022/10/1357a194-686f-4df3-b796-f05be5d6ac0e.jpg,2022/10/c54a6e7b-5497-46cd-83d1-cf254e2bb3a2.jpg,2022/10/a74073cb-0eb2-42e3-92a3-673790758edb.jpg,2022/10/c0e328f8-e817-4d2c-94d8-d0081e526ef4.jpg,2022/10/08be3f6b-6fa3-4dee-bcf4-dae2a316f8e9.jpg,2022/10/07563829-21bd-4662-963b-e28d924e7e02.jpg,2022/10/41cb166d-5a04-4995-9269-7cdbd71b449b.jpg,2022/10/243fe945-b38b-49ab-9b36-599accc6542d.jpg,2022/10/6f8dbaae-2055-4001-9ed1-843620f96028.jpg,2022/10/5886f77a-2e90-4123-b3f5-7e484f36a764.jpg,2022/10/035b1fc0-dc9b-4873-8b0e-cc5eb26bf5a6.jpg,2022/10/9f1e1f29-a9ef-48e3-aed2-cc47487ece2b.jpg,2022/10/3dbf293f-f307-483e-8c52-0e97b407a8fd.jpg,2022/10/135876c8-3e79-46d5-85e3-7a32147a005c.jpg,2022/10/98686a07-7f04-447c-87f7-6b76ad3c3b1e.jpg,2022/10/bd722ca5-2812-4827-8805-a40538065f5d.jpg,2022/10/8e19616f-7235-4a5a-8b4c-d00dfa2b133e.jpg,2022/10/f1823ea2-a799-45a9-aa19-058ac46362f5.jpg,2022/10/f71d1fbc-fadb-459d-affb-d3d453ec9a17.jpg,2022/10/b4f3b283-18a0-4b75-9d7a-be9bc2a562fc.jpg
2022-10-30 01:17:00,2022/10/7cb21981-ac08-4bf3-aa38-d11b55f3d60c.jpg,2022/10/a72d8973-b63a-4161-9f74-062056db90c5.jpg,2022/10/d7b565f9-511e-4bd5-9054-10e2e4c026bc.jpg,2022/10/9eedcc44-c9fd-448b-84d7-708679c3c881.jpg,2022/10/6e351254-0ae4-4120-b149-0b7e5c62846b.jpg,2022/10/6dab62f0-c9c2-4773-8fc9-a929e5c1472d.jpg,2022/10/11c8129a-d3cf-4e6b-a7bc-2cfcac7964fc.jpg,2022/10/60b14653-55f8-4311-b2ec-0fa342b5c85a.jpg,2022/10/95f19efa-4348-4293-8016-c5c000dd29e9.jpg,2022/10/549fe72e-e150-4206-a4a9-bf73133a475b.jpg,2022/10/83676df1-9751-4c50-822b-fcda19ce8f27.jpg,2022/10/7df53128-628c-4d2e-8105-e5d64b907cc1.jpg,2022/10/d78935f9-6af6-420a-8a7c-1fe7cc75a702.jpg,2022/10/b010dbcb-a400-48bd-bb32-2df4d91cab5e.jpg,2022/10/caa88851-0a19-4053-8289-55677bc2f5e5.jpg,2022/10/9b385eff-7723-4818-a622-8ee969e0e7c3.jpg,2022/10/77301777-ec5c-449d-8d6d-976667081e08.jpg,2022/10/c02329c3-6d0c-4a31-84d7-53787b0fbfe8.jpg,2022/10/f3c0184b-a0e1-414d-9e25-498480040ef8.jpg,2022/10/7dd3c74e-01bb-458a-a378-94c13d358817.jpg,2022/10/820a77b4-6c2b-4826-ab35-1f18b802214a.jpg,2022/10/d9544553-2cdd-4bbc-b8d9-09bcc58e8299.jpg,2022/10/f0becd5d-95c3-4c47-a74e-56da3be28367.jpg,2022/10/ab3922c5-e1b1-43ea-a9b8-8e301ae90a4c.jpg,2022/10/a8ac692a-b046-47ba-b859-27fc8cb0febe.jpg,2022/10/5ed351a5-8888-4bca-ae86-c4e0d6660756.jpg,2022/10/e638e4ac-0df1-41a3-84a1-1eec1c084e01.jpg,2022/10/b5777d5c-c863-41ab-9088-2af8787a695c.jpg,2022/10/f65bb083-0782-4efa-8cc8-d678436b2738.jpg,2022/10/0151cebf-715e-4868-95f9-412ef6e91dca.jpg,2022/10/fa3e44e3-2999-4b65-a7ba-838da51ec2e3.jpg,2022/10/25fb0767-ff06-457c-a415-02f3e9636070.jpg,2022/10/5cd751e5-4032-40aa-a751-a37f6b997b93.jpg,2022/10/8c1e77b1-c031-4111-8b1b-5659255f3544.jpg,2022/10/43709e2d-fcb1-4841-b77d-74f8aa02a650.jpg,2022/10/86f4354c-826c-4a2c-a0d0-ada725be388a.jpg,2022/10/bec47c17-aa5f-44ae-a55b-eaa726255fb8.jpg,2022/10/584fe991-6ee1-4923-82a2-711eba29cbee.jpg,2022/10/31f7c320-b183-40a6-a089-0b1f29b61309.jpg,2022/10/ef9ece97-df1d-495d-b523-2081e0acf836.jpg,2022/10/468c29ac-7a2d-43ea-b180-608b401e39f9.jpg,2022/10/be7058d3-dd26-470b-a90d-b9a9c1b0cc10.jpg,2022/10/d2eb4bac-f61f-44c8-a9a7-5f42e2c58572.jpg,2022/10/c3aa02c3-6714-49a6-805f-2febf9125b40.jpg,2022/10/73827eab-7df1-4faf-b4e6-d870e7d0f525.jpg,2022/10/022097b4-428d-451d-b066-20352e5898a8.jpg,2022/10/c5de9017-b878-4a1b-88b1-060fd4254e0b.jpg,2022/10/dc609eb6-dc52-4b3f-8ea2-65cff67aa9e7.jpg,2022/10/ca7a72a6-ba32-4d65-ac8c-e5e6b3eef9e2.jpg,2022/10/efd44451-09d4-4aa7-b88c-c9cffdb44ead.jpg,2022/10/24c1849e-79ed-4960-be76-7760092534c8.jpg,2022/10/ac0b93c7-4816-482a-8c86-cf00be9667ce.jpg,2022/10/c850431d-a939-49fc-ba0c-d438bc4f2d49.jpg,2022/10/e847d5af-db14-4c4e-b9e9-e211354dc3a6.jpg,2022/10/d840f54b-c1f3-4ea5-b74e-ba09402b6796.jpg,2022/10/d249f6f5-915a-4ade-9294-25a1a8f6fc73.jpg,2022/10/25bd7f2e-87a7-420b-a10d-3015a3d49b30.jpg,2022/10/a0ef165b-3cb6-453f-8a4f-bfa84a35b0a1.jpg,2022/10/d66da817-c025-4b6f-8e8f-2be5252f9f1e.jpg,2022/10/4c711f38-b7c9-48bd-80a5-ef08f8e07243.jpg,2022/10/849d97a3-0f98-4ccc-9f69-3cb55fff7007.jpg,2022/10/9fe35094-bdae-46a2-904a-d1c2d8cc2abe.jpg,2022/10/3e5294db-e56c-445c-88f5-67874f020ef5.jpg,2022/10/707bb31d-322b-46c8-92a9-81bb19f66688.jpg,2022/10/7132d9e7-d151-4eec-84b8-359a312687e7.jpg,2022/10/2194803e-101f-4c15-93aa-5457f55581b2.jpg,2022/10/8fb09fbc-9627-4630-ab3a-406e15918e62.jpg,2022/10/12d9c529-a492-40cd-bd98-d43528c3d265.jpg,2022/10/a1e0beed-f7fe-4e60-9725-795f80118bbe.jpg,2022/10/84cc5dcf-51c4-4c7c-9106-3273899b0527.jpg,2022/10/be8bb7db-14b1-4eac-8ec0-186088faa494.jpg,2022/10/57dc3290-c9f8-47a0-8633-6ebcb3bf919e.jpg,2022/10/9afed586-ad56-4328-aaf0-cf39449ebaf9.jpg,2022/10/cb24579f-25e5-4f96-b84e-91a4c3a29cc9.jpg,2022/10/3c2dc42a-3226-4b77-9a78-e26829ccac28.jpg,2022/10/f6a3a6dd-ca21-4ac6-a84e-37bfa41142f6.jpg,2022/10/93a3b4be-974e-499f-a464-043039cf6e5f.jpg,2022/10/cca3dae9-c4b7-425f-bee9-f4fb9dc5c686.jpg,2022/10/5c04e174-a6ec-4a47-9faf-f17b3908c54f.jpg,2022/10/6b30bf7c-9a96-406d-9866-5e21e5173957.jpg,2022/10/89064b11-e818-4383-a1d6-6f7b59cf1dda.jpg
2022-10-30 12:12:25,2022/10/aea61761-a028-47b5-b74b-0f6047b3440e.jpg,2022/10/ea3d0287-d34b-41fa-a98e-c7f46a7191e6.jpg,2022/10/7db62f8c-8e4b-4613-b537-2bee24ecbd37.jpg,2022/10/f3e7aa37-e17f-438e-9198-3f50e8779ace.jpg,2022/10/bd3bcca1-cc7e-404b-be4d-bc3d3baa4b78.jpg,2022/10/cb4a4b18-c61c-46bd-b0f4-a2389fe7d0c1.jpg,2022/10/0a796f26-362d-44ac-b872-1907cc121f14.jpg,2022/10/e525fd8b-72b3-4dc6-97f6-493fc77682a4.jpg,2022/10/a8e17eac-0c11-4c17-8e9d-7e949acb178e.jpg,2022/10/58fadaf9-f95e-4a42-a8bb-4f88b86ad271.jpg,2022/10/764ade66-ce1d-472d-800c-bf06812c4d30.jpg,2022/10/5671e00f-a510-464e-948b-6be539661f6e.jpg,2022/10/4762e2a1-8544-4b54-b3d9-96906f471c27.jpg,2022/10/3b6162f8-d1c2-436e-9e50-95d9259bff10.jpg,2022/10/b42b9750-9799-48b1-8be0-80fab024fa60.jpg,2022/10/a76be44e-74e6-42d4-b100-39309c7d37a5.jpg,2022/10/fc351219-a3b7-42b7-9882-74365efd7f90.jpg,2022/10/2759c853-53b0-4306-9fa2-0322d20dde46.jpg,2022/10/4ad02161-9252-43dc-bde4-b8fa0139c110.jpg,2022/10/cf7894f9-b8b7-4109-b6dd-859e28ca8d24.jpg,2022/10/fd48319e-39c2-4c77-bbb8-8764227c4bf9.jpg,2022/10/98681a83-759d-49df-84eb-11dc9a687c01.jpg,2022/10/ae771044-8329-4eb7-ad48-74d1625066ae.jpg,2022/10/df27c551-500f-4cd5-a039-9ff2e5ce76ed.jpg,2022/10/090b6161-fa58-4404-9409-f2263aa9dd3f.jpg,2022/10/9620927f-54c3-4fd5-9999-6adbf54fb0ad.jpg,2022/10/53de744b-8eca-4b75-be76-61261225744f.jpg,2022/10/1ea7c796-ecc8-4a6f-85c6-ef648cd301c9.jpg,2022/10/b4cb220a-9355-472e-982c-c3cad26830c7.jpg,2022/10/60b40674-9850-44be-96b5-f07c72a2b468.jpg,2022/10/fd841722-768a-4697-86ac-e895026106f4.jpg,2022/10/78dea48d-fbcc-465c-9a04-9998760ddf75.jpg,2022/10/fbaf8a3d-3128-41f5-9022-15b3a3815e48.jpg,2022/10/286dbbe3-b02f-4b6f-a7f4-9a1fb560c9a9.jpg,2022/10/b02ecbfb-2d71-428b-ae57-8feac3b83641.jpg,2022/10/44757823-815c-4354-9f0d-74d8f0f73f57.jpg,2022/10/084129a8-a815-4124-bb33-a9ae74913bff.jpg,2022/10/8347fe61-4a6d-43ec-ae82-fb51c965a11f.jpg,2022/10/56dd99a9-cd19-4495-9a52-03f62fb74cdb.jpg,2022/10/8abf6305-65a7-487c-a08f-90fee7d57c53.jpg,2022/10/c8dfa4fd-00d8-441f-aa4b-f2f00b8be210.jpg,2022/10/1eb18f5f-ce30-48fd-9131-4aa9a56c6753.jpg,2022/10/6469e62e-4bf6-4c99-841b-3b890fda97a6.jpg,2022/10/af47d103-89ac-4bc1-afbf-2996bd4fa5aa.jpg,2022/10/e6e44878-1260-4e40-86cb-8c053c9f0cb5.jpg,2022/10/54b96fff-f562-43e4-8121-0e7b801bbb4a.jpg,2022/10/4a40aa5d-71a8-4d04-bfac-b47d9972ce87.jpg,2022/10/32fb33a7-7eed-44cf-bd09-1703f7f3a209.jpg,2022/10/60afd889-c411-4ab4-823f-9782058c21ec.jpg,2022/10/4ab54ac8-a17b-4b70-82b5-76b562c5d54d.jpg,2022/10/fbe87619-002f-4edc-976b-26744e7a4ed6.jpg,2022/10/8eee6d9c-bcc0-46bb-a0c8-2e4957e3df9c.jpg,2022/10/64d675e6-deaf-4a2d-9dfa-af17ece7245e.jpg,2022/10/082bacb2-f2d0-49d6-92df-5255cdbf438a.jpg,2022/10/7769b086-fead-4a03-aa4e-225ffa64c425.jpg,2022/10/3d904d6e-e212-4c66-b528-1c00db2d5dd9.jpg,2022/10/dd89f05e-8537-465d-a375-2d7a5221db6e.jpg,2022/10/5e349012-e20b-4092-ac69-33d9a0142d78.jpg,2022/10/10db89d2-1829-48f8-89f3-5261816b1912.jpg,2022/10/11c0ca6a-661d-4828-9ab9-3474e94c7f4c.jpg,2022/10/463089a1-272d-436b-930e-f748c410ad22.jpg,2022/10/2be66852-c85c-4fa3-a2bb-381b77f5be5e.jpg,2022/10/3bbc1367-993a-433f-852d-2b2b7345fdbd.jpg,2022/10/2dcf614a-a4be-44eb-bdec-f036e1b8728f.jpg,2022/10/09242852-b359-4185-ae32-2232f123dea9.jpg,2022/10/bb0c8078-f94f-4b82-aa94-bcc8db291242.jpg,2022/10/c61e914e-0c3f-495d-b6e5-76e2153db1fb.jpg,2022/10/8f872266-b788-4197-9eb2-1c5c34b14c97.jpg,2022/10/5ac6d7c5-913d-4494-a264-b8fca5aeb34a.jpg,2022/10/3c54bb16-7897-4b8c-b383-1b3d2fb9db8f.jpg,2022/10/7de22ff2-61e6-4cb6-aa77-37b1f07b4b5d.jpg,2022/10/618e8b56-3544-4fb4-b60c-835a396caa23.jpg,2022/10/c3c321df-7621-47ae-bdb8-88d1f81e3c87.jpg,2022/10/fe928f26-e09b-43a0-8217-f1cb283bb1e9.jpg,2022/10/c3aa5548-9362-4af9-944a-2d2627a117d5.jpg,2022/10/4077c52a-f4d7-4459-93b8-6b4fa9d121a3.jpg,2022/10/03a71844-70f5-43c9-a302-7f2987090e98.jpg,2022/10/8e8bff2c-41f9-486d-9615-5545197e1d69.jpg,2022/10/25649d9b-c1b7-47c8-aaef-a0d06581a8b7.jpg,2022/10/d919d562-cd8a-4d4d-80e1-eaa5b7049d5d.jpg,2022/10/6d8aca7e-d596-42e9-86cb-ff7dcced7f2f.jpg
2022-10-30 12:18:05,2022/10/e6859f0b-bf19-498d-b4a1-3011fadfd236.jpg,2022/10/83a25665-39ef-45d9-8f88-7e1f5bf9215a.jpg,2022/10/f2c2cffa-496c-4a14-8441-15921af01d8f.jpg,2022/10/c3eecf20-1012-4efb-8559-f5e83e2a5402.jpg,2022/10/8c320d13-056a-46bb-9a4a-12fc4140d47b.jpg,2022/10/d3b6c152-2b30-4869-a36a-dc554e99e3d5.jpg,2022/10/f0e2d17b-5282-4b3f-b1dd-9d504158f7c7.jpg,2022/10/1a38d951-58ad-4c4f-b315-093887af9684.jpg,2022/10/80aadaa2-001e-44eb-bf27-88977cf728fa.jpg,2022/10/2d9fc442-df28-47a6-9722-441132103684.jpg,2022/10/74e63048-5f2b-4a9b-8036-a8cde852f016.jpg,2022/10/31d9b061-b122-4130-87da-7159f6a35099.jpg,2022/10/9ce67a68-8c7b-4d45-816b-508c17068412.jpg,2022/10/deabe46c-4c24-45f8-8d0e-b47803c06abf.jpg,2022/10/560d3ab6-d515-49ab-956e-0975a984aca3.jpg,2022/10/41dd9cf3-ce6f-4cea-a3c5-190db213ca23.jpg,2022/10/a2548af2-5aab-4380-a0d1-106b5da04c18.jpg,2022/10/bcc1f059-2a3f-4ec9-9d54-e1d3113957e9.jpg,2022/10/89f8bf94-ef56-48d0-a761-ea37077df8d5.jpg,2022/10/4aff8d8e-ac87-45cf-8de9-6a0c8570b03c.jpg,2022/10/77a62b07-f8dd-47cc-906d-63a0fecf11be.jpg,2022/10/1d90fbe5-948b-4da8-8d2e-b5b39d02d20f.jpg,2022/10/ebda6a45-dd40-457f-aea7-6796296a617d.jpg,2022/10/60976878-9616-4014-b189-2fbb6288c5f4.jpg,2022/10/d33d2502-7f9e-44ba-a9f5-bb7d357f8ec3.jpg,2022/10/f3ea81e1-4600-4b61-a6eb-6b84888a48b9.jpg,2022/10/c5e89d75-60f2-449a-884f-5b212705d6f4.jpg,2022/10/f9ddf56c-f084-413e-886c-17302a8d27fc.jpg,2022/10/df62ce1f-ad5c-49e2-b497-9cc9f20baf66.jpg,2022/10/b8a7bba8-2b68-4ab7-84dc-ab888d0af46d.jpg,2022/10/44a60c34-e2f9-4335-a20d-9d93aaaefa5a.jpg,2022/10/d4ed29fb-7bbc-42c4-acf2-1959b7ef8d35.jpg,2022/10/9842f11e-c5d2-49e4-a4a9-8497d064f8c1.jpg,2022/10/f24eeeff-6dbd-48d1-853e-6253552f0e26.jpg,2022/10/4ec470a3-2fb9-4b90-9bcb-8de71f33cace.jpg,2022/10/ff1404dd-1e07-430b-96d5-7a19d5307682.jpg,2022/10/a126f081-d478-44e7-a0bb-db80ed7ec66f.jpg,2022/10/e24dab46-3145-4b4b-b881-7f279e2b5c45.jpg,2022/10/55ad7ece-a1fb-444b-895b-5ee3d149ccce.jpg,2022/10/19be6a7b-f711-45e1-9215-8fd4c80002bb.jpg,2022/10/8ab25062-3f83-4b17-9845-08c182696462.jpg,2022/10/9d15f6a0-3e56-48ff-9c28-5100b86e7b93.jpg,2022/10/5bacfc32-0282-47f4-9783-e5c11e382faf.jpg,2022/10/924f8fa3-607c-40cd-b000-7c7b8347093b.jpg,2022/10/a82999be-d529-4049-8be8-573688e9c25e.jpg,2022/10/e96e6f46-8d28-4e2f-8067-45da3ac8873a.jpg,2022/10/647470a3-5a3b-4c8a-b9a7-0e617f154c5d.jpg,2022/10/bd7a218f-53c7-4c75-9017-29191e924927.jpg,2022/10/d4166fda-4876-4673-a8a5-6811be113ff1.jpg,2022/10/f602e11d-0ce9-4630-89af-2b8e70760e0d.jpg,2022/10/24ff9b56-20e7-4608-9328-b7eb6f12cf65.jpg,2022/10/48bbce76-e65c-4542-a5b0-98ce02bef22d.jpg,2022/10/f4fbe805-925b-4855-8dfb-f1f6f0fdd6c8.jpg,2022/10/7caba8d7-adf2-45c8-9058-36c9dd819990.jpg,2022/10/404685e7-eb97-489d-bd6a-4d1dbdde6d37.jpg,2022/10/6f3f5362-50cd-48c7-a7aa-0038ceb2e98d.jpg,2022/10/79fed0dd-4778-496b-a514-3b714ba72b89.jpg,2022/10/7108f535-03f5-4455-a8f0-503a7bca6aa5.jpg,2022/10/e252578e-4a6f-4f0f-af4d-d8fc237a3a04.jpg,2022/10/7a1965e8-25fa-45d2-8c9b-a3f2ab087f55.jpg,2022/10/28f80ef5-97e3-431e-89e6-e99787cd71b2.jpg,2022/10/ba777b58-0164-4397-858f-b0e8b83478f4.jpg,2022/10/3b087fee-7c90-4b09-9cd1-1418023e2515.jpg,2022/10/3ad0ae86-c333-4ec7-a16b-70bd3d42fb2c.jpg,2022/10/04efc1ab-1e9b-490d-a8d5-0c38f34e0369.jpg,2022/10/d5be8eee-0029-40fc-91d7-92a38692102e.jpg,2022/10/3c951359-4b67-4936-8c59-94d797e15028.jpg,2022/10/86398667-f657-44d6-b109-2f81c8cfff17.jpg,2022/10/7fb67ebb-6f70-4f2e-af4e-c48ef77a781d.jpg,2022/10/3522a52a-dbfb-4e01-b32a-545fc9004b27.jpg,2022/10/04655f94-a50e-4402-85ee-2c702c934f90.jpg,2022/10/e0cbe824-1f37-42fb-a127-c9d7d08eea69.jpg,2022/10/f0bc318d-aeb2-4daf-b605-50ff0e3cb29f.jpg,2022/10/ad81e719-cf27-4a31-b942-d420b6e4e4b0.jpg,2022/10/321e8983-c9eb-46aa-abf1-5fc3d1658b72.jpg,2022/10/5df324bd-7ade-4800-b71c-fa8234b07cb8.jpg,2022/10/7491aaaa-4bab-4234-9578-6e13396989d4.jpg,2022/10/bc781f63-d179-494b-8e81-dd7a2d7b9a23.jpg,2022/10/3c9f30be-9a15-4402-a90d-024c0af87307.jpg,2022/10/d65ee964-73f7-4a1e-ba60-38bdf029d8b7.jpg,2022/10/ff588783-822b-4a47-b18a-b029797acb52.jpg
2022-10-30 12:22:25,2022/10/a7d4eb8b-19c6-4826-b79f-8ba1142bc55b.jpg,2022/10/692d50f8-4b2e-4db6-a5b0-ca42548cfd5b.jpg,2022/10/af871e72-dd1f-407d-9ba6-3a4c69a959ce.jpg,2022/10/6e0930b3-c033-4589-b182-2f1a20894f32.jpg,2022/10/16b9d6c1-c19d-4521-b632-4f72bd6d31a8.jpg,2022/10/6930bcc4-b53b-46a4-9a42-d05b969162f1.jpg,2022/10/e7aa2a76-d520-426b-a610-eb509b557ce5.jpg,2022/10/400a713d-7e30-4c24-89f8-0ff3d23653b1.jpg,2022/10/0bb4748a-ddc2-459a-9fd5-49e836a68495.jpg,2022/10/67f5ffca-a226-492f-8bf3-de1486f6d78a.jpg,2022/10/152d346d-e630-4041-8f4d-1a9793bcc74f.jpg,2022/10/9398b9ef-eb00-439e-895b-47bddf6d041e.jpg,2022/10/ccc6f35b-5624-4e8f-aa85-00d6563d3241.jpg,2022/10/a0ad7a98-3395-457d-a679-13d3730a8490.jpg,2022/10/872e8730-2c7e-4a43-8f11-f4f3f09f4756.jpg,2022/10/ec1fa464-027e-49a2-bee3-ab10d7bd75bf.jpg,2022/10/1e5855c9-8350-409a-a460-6455e7f6acd9.jpg,2022/10/f828ca5d-b5b4-4b51-8edf-990466aea226.jpg,2022/10/58556d69-e2ff-4f07-8b2b-60e70343b5d1.jpg,2022/10/5c6bc7df-a716-4272-90c7-7f08cb99cc9b.jpg,2022/10/48c106f2-b6bd-4ea6-b8dd-e6b577351e29.jpg,2022/10/b6dd3b34-41de-42f1-88c6-4833f50b4f85.jpg,2022/10/a1a38339-c9de-4253-b3c7-f53ea2964858.jpg,2022/10/44f16fb1-730c-47fb-af32-979dcf25c7fe.jpg,2022/10/d3d7f093-5c47-404c-b872-5af029ad051c.jpg,2022/10/d0685437-adcd-474b-aa90-4a0619ae8207.jpg,2022/10/8532fdf3-c324-4884-96c3-2c82644353e7.jpg,2022/10/d0ee7893-fd48-4822-8345-681884aaf4b0.jpg,2022/10/32e7d532-6d59-481f-82f9-04be55f3a190.jpg,2022/10/8ac44893-6ca4-4c2f-b699-b1c1d96159df.jpg,2022/10/6e875065-bba7-41f5-a8c1-6bbd64ab4d5a.jpg,2022/10/81b6aec1-af54-4d7c-b42b-70aacaae0528.jpg,2022/10/aa4abd58-0f8c-4059-96b3-906540274c82.jpg,2022/10/656bf4d6-1f03-4e28-99ef-f0f1edce50ca.jpg,2022/10/28dc017d-2847-4d71-ba2a-14816b06ac7a.jpg,2022/10/aa6be68e-40b7-4278-97a8-f9b102e83554.jpg,2022/10/4ea90e32-a9c2-4fa4-9724-4727cab22f4a.jpg,2022/10/de0563b1-f8d1-41f9-b622-7c553de9fa77.jpg,2022/10/975d96e7-72aa-48fa-ab33-23eebb7969e2.jpg,2022/10/818ecc6a-772b-495c-828f-85f28a44eb20.jpg,2022/10/8163a8a7-4ede-43dd-95be-35bd24ac37ad.jpg,2022/10/0ea39b1e-8183-415a-a478-3dd82f86f3ed.jpg,2022/10/9ff3940f-1142-4e1b-a6cf-a0861097ab90.jpg,2022/10/f6c05d3c-43d8-4a2c-9d1e-0fe9079b6e95.jpg,2022/10/0ddfd3bc-3536-4495-9eb6-b4bacdb5f1c3.jpg,2022/10/61768fd9-1e2c-4e96-98cc-229a0fd68aad.jpg,2022/10/647470a3-5a3b-4c8a-b9a7-0e617f154c5d.jpg,2022/10/21880493-4676-4d94-bc21-b3854468f1ae.jpg,2022/10/a61ad166-a588-45de-8d82-74db10940ce0.jpg,2022/10/250e7dee-edab-4285-a5e9-49ac5e88876f.jpg,2022/10/165c1342-6023-46c5-bb6f-afb876a93e5a.jpg,2022/10/e0c49fb1-6cd6-4c96-86ac-fc71b1cb03f7.jpg,2022/10/704ed16f-04b7-415c-8bd6-05385263ffa8.jpg,2022/10/70c73f9e-60a0-4125-8f9d-eae53cf30938.jpg,2022/10/467fff78-ca47-4ba4-b2ce-6e8121425b86.jpg,2022/10/6f3f5362-50cd-48c7-a7aa-0038ceb2e98d.jpg,2022/10/211ff542-9ae4-4cb4-a486-af3eaccaa328.jpg,2022/10/43a09334-4cc3-48b9-a050-0512b44084a4.jpg,2022/10/e252578e-4a6f-4f0f-af4d-d8fc237a3a04.jpg,2022/10/7a1965e8-25fa-45d2-8c9b-a3f2ab087f55.jpg,2022/10/771fa0c4-8e4c-4eea-bd54-391b6c4bc88c.jpg,2022/10/985a82a2-e3cf-4f35-91af-4550c2d4b40f.jpg,2022/10/d79388f7-3e98-45c8-860f-330d2054ac0f.jpg,2022/10/b9eb9b32-1838-4e93-9392-51e058e63749.jpg,2022/10/04efc1ab-1e9b-490d-a8d5-0c38f34e0369.jpg,2022/10/09379ae9-8dd8-479a-9a8d-dacabbf6a359.jpg,2022/10/3c951359-4b67-4936-8c59-94d797e15028.jpg,2022/10/86398667-f657-44d6-b109-2f81c8cfff17.jpg,2022/10/a9b06755-4aa7-400c-9a7f-f084fa7e2355.jpg,2022/10/3522a52a-dbfb-4e01-b32a-545fc9004b27.jpg,2022/10/04655f94-a50e-4402-85ee-2c702c934f90.jpg,2022/10/e2fa8d32-f1fc-443e-b740-b0ab2c6bbfa9.jpg,2022/10/a108f7d1-c57b-47c3-81a7-91d9d4c22671.jpg,2022/10/f92d9294-271d-41ae-9ad3-a15aa359ab9b.jpg,2022/10/321e8983-c9eb-46aa-abf1-5fc3d1658b72.jpg,2022/10/c0602f1a-774c-4192-ac4f-92c97bca2c0e.jpg,2022/10/09da7222-d740-44d2-a54c-a711a6ae968c.jpg,2022/10/bcdf4506-301a-4f9f-b00b-752e01266652.jpg,2022/10/61160685-8393-41b4-8906-377079ab94e9.jpg,2022/10/f037122a-a3bc-49da-acf9-2450e1d7fdf7.jpg,2022/10/b4f3dd08-c95d-4667-bd46-bb9f9ef3525e.jpg
2022-10-30 14:57:00,2022/10/fb60fa6f-1f80-4def-b589-4f135c2a1fe8.jpg,2022/10/c95eb3ff-091b-4a46-92e6-37767ca0b377.jpg,2022/10/83929cd8-2d09-4364-b9c7-732f348fb851.jpg,2022/10/51e41481-7a9c-49d0-9290-8a13d28869a4.jpg,2022/10/97045641-450a-4f6a-9cbe-2c34a215ff8e.jpg,2022/10/0bd13c97-ec9d-4ba6-84f4-4af95be94917.jpg,2022/10/e62b097e-85ba-4932-9f22-f6e75899af7f.jpg,2022/10/ad0805a9-c93b-4551-8406-4ddddab97a92.jpg,2022/10/11b50d5f-7146-481e-9bd9-63077c116238.jpg,2022/10/b4afde5a-b696-4d4f-99c7-74af5553f3fa.jpg,2022/10/bf1ed7e0-026f-4de8-a5fd-82d90c491765.jpg,2022/10/561b655f-62c2-422c-94cd-72ef71df8206.jpg,2022/10/3851eafe-853c-4781-a265-7be6e98b76a8.jpg,2022/10/d6f7c5d7-8078-40ee-925f-d0a55c4b7eb1.jpg,2022/10/ca7b88c7-fc9e-4484-8f79-e7518061afb6.jpg,2022/10/53ddf8f6-4566-432d-a8a6-97a0443c5681.jpg,2022/10/ed0006da-2173-461a-a809-e6e3b465dd4d.jpg,2022/10/97ecc640-2e39-4373-ba60-0033de2f7031.jpg,2022/10/de007047-eb9d-4332-99e5-e94d05a9a625.jpg,2022/10/7ee6d55e-9098-41e8-85fd-2fd603c43153.jpg,2022/10/0edd91c7-eda2-4bcd-88af-97d346872e31.jpg,2022/10/4f773d76-4c7c-4405-b0cc-9ad0cec9d817.jpg,2022/10/59adf37e-d124-4d00-a1a4-3503aa257cb3.jpg,2022/10/46761858-4785-4fa1-8cb6-5ebae90a4d54.jpg,2022/10/df4f3a95-02db-407e-bd2a-7ad42663735b.jpg,2022/10/263fb6b9-d203-4a28-93cc-13122748a158.jpg,2022/10/af3dce82-d653-448f-9422-b04a2d67d280.jpg,2022/10/b3c854b7-0ea7-4d3d-905b-c914461351c3.jpg,2022/10/5e88ed6e-6c99-4a26-916f-08002ce8a9e8.jpg,2022/10/06ffa980-c228-4d5a-8b6f-f1716b87d545.jpg,2022/10/4cd4de55-7ce0-41f0-856b-bb1c1372148d.jpg,2022/10/f201bd52-59bc-4aee-9e16-fb3a16d7a5e8.jpg,2022/10/6fb4eaf9-0f53-4231-9a5b-7ac0fe221073.jpg,2022/10/e201b17a-467e-49d1-b876-58ff9fa8f6aa.jpg,2022/10/c093764e-f3e7-431e-938b-fa3f6f3e180c.jpg,2022/10/43237b03-54c3-44c7-9ff6-bb960290dab5.jpg,2022/10/3f3a8f8e-86bc-49c2-9cb8-c8e92c57587a.jpg,2022/10/29f0c95e-5776-4580-942a-150db523ddb4.jpg,2022/10/7a4ba03b-0198-4cea-9df2-c11838a1ce42.jpg,2022/10/a0f3395e-e69e-4cfb-8d3b-fdd1369597dd.jpg,2022/10/c10dc12b-ef84-4ed1-9ffc-0ff99113c0f7.jpg,2022/10/73a0960f-0aa9-44f1-9d77-0646b3ef91c7.jpg,2022/10/182788df-a9b3-417a-b52d-5c3c20793d51.jpg,2022/10/01193cc7-fd86-4e8d-b525-746321468047.jpg,2022/10/3e221d6a-031a-4379-a53c-8dca0ea11841.jpg,2022/10/db993234-0898-48a1-b0e6-072ce5a0136a.jpg,2022/10/7cea10cb-05a2-4271-bf1b-b5a421304787.jpg,2022/10/9b011725-757c-4915-bdad-6a580ca26599.jpg,2022/10/c4b92c92-9676-42a8-b06d-240223f6bf8d.jpg,2022/10/bd2ac89c-ecc7-4715-b72b-1b4462779dbb.jpg,2022/10/33eccffe-ef19-4640-9cf8-14ce4096c480.jpg,2022/10/ffc72e85-68df-4e53-abd4-a99e1a97ec8e.jpg,2022/10/707b5d37-8846-4543-8e68-9d07a1efd562.jpg,2022/10/c2de038e-5d97-4bba-8e0f-6ba191d55503.jpg,2022/10/b5663cee-23a8-4026-abec-7aaace57ccaa.jpg,2022/10/912129e2-2a64-4ccb-b66c-dd3d973a93ff.jpg,2022/10/81b2c515-8711-4e23-84f4-b47eba267032.jpg,2022/10/2cc5f802-1f62-46ec-a3d1-d2b1a8c5c8c1.jpg,2022/10/4a3bd499-9453-4a57-b16c-91cc495ac502.jpg,2022/10/52aa5704-8b3c-4b0f-b7ab-3cb153150b44.jpg,2022/10/1f82e439-44c6-492d-9371-4514ad9b3009.jpg,2022/10/b7b283cb-0f68-4cc7-a602-956ffb25dea2.jpg,2022/10/05001f23-a6a5-4d03-a443-1297523469eb.jpg,2022/10/f3a73466-b607-40db-9e61-756d73acf147.jpg,2022/10/8e5cc623-fb09-48bb-8f39-10909790540c.jpg,2022/10/bfb8089a-edd7-40e4-a1fa-c7b97e78c376.jpg,2022/10/d1cf4065-9385-4009-bcd8-073cce7b7ca5.jpg,2022/10/7e5d24fc-5c59-453e-aacd-3866a59f8a12.jpg,2022/10/9249eaee-42a3-4c87-aa5d-69447fa29366.jpg,2022/10/756aa24f-38d4-475d-a25e-f201a959de8d.jpg,2022/10/d4e7c4ed-c1e6-40c0-b556-77f8e60fa9b9.jpg,2022/10/199888eb-fdc2-4062-b7d7-5cd543df5061.jpg,2022/10/2b151c08-96bc-4bc4-b7b6-5fac8bea901b.jpg,2022/10/33903c9b-16ed-4cf5-b997-d6cf50b30046.jpg,2022/10/7e9f1398-bcb6-4d90-a507-7595e6e70095.jpg,2022/10/0a20d81e-6661-419e-8fbd-8cb9ab7d0b9a.jpg,2022/10/cc1db4f8-826e-4eae-91c6-ef62126ff32a.jpg,2022/10/a300b40a-959a-411d-9676-70c2a510ca1f.jpg,2022/10/ba73d0f0-742f-4a39-990a-a9739c47460e.jpg,2022/10/fb873810-111c-4d44-af63-cc57a593c678.jpg,2022/10/8c7bdcad-4ea6-41fe-a8ba-a5f8f828cc37.jpg
2022-10-30 15:02:00,2022/10/425cf5db-38d9-44f5-8ccd-81b1fa552bbd.jpg,2022/10/464de4aa-f0c1-4fbc-8d67-1740c9a96fb6.jpg,2022/10/3d1ed1ba-7031-41ef-84a8-68e30c741308.jpg,2022/10/310d8de6-e610-4ae4-bd54-3b4e8289ef14.jpg,2022/10/9aded751-21f7-4932-9b83-f09a4be12f73.jpg,2022/10/dbc69777-7628-4076-a6d8-2b3040ee3993.jpg,2022/10/aec9d5ca-1963-4eee-8438-b62d387c2fae.jpg,2022/10/e4fc3679-9d75-4b0d-b900-cd48a824903f.jpg,2022/10/846be77c-423e-42d5-ae4f-f5dd19124e0a.jpg,2022/10/b684205f-ba00-4ae1-b0ee-74e682d4ad64.jpg,2022/10/c347843a-b129-427e-9f8b-05690a904f79.jpg,2022/10/12fab61f-c40c-4d31-b7ee-678ba4281b2f.jpg,2022/10/e4302b6b-a5df-4751-bb3c-50dc4c0c6d08.jpg,2022/10/ea0de054-d115-411c-b0ea-4b7b5a50771a.jpg,2022/10/8ed06a2f-b636-4172-9d18-7883171f769c.jpg,2022/10/0eeb1828-76fa-401f-af07-486ef6ced27a.jpg,2022/10/394ac7dc-1e0b-4d6b-89b1-6b9f8b462f80.jpg,2022/10/7a0a4942-2426-4473-8e10-38e56be13add.jpg,2022/10/54532f8c-391a-4761-af3f-540878670ded.jpg,2022/10/cfa94f0c-de45-4721-a8bc-75a179b851c2.jpg,2022/10/74ecfd57-aec3-434e-825a-5b3ecf0055de.jpg,2022/10/9c1fb50e-0c5b-4587-bf76-22e5f84a3b81.jpg,2022/10/6284c84a-d1ac-4879-aa15-0fd92d6cdf25.jpg,2022/10/5ff57441-1759-43ef-a1d0-dde4e716b530.jpg,2022/10/7579bc3d-389e-4e35-a2af-962a77c0c896.jpg,2022/10/783fdfbb-1a4c-42a1-affb-b807fcf37bdb.jpg,2022/10/d78be4a0-1503-407d-aa5b-8c07b990dee8.jpg,2022/10/17f67562-b998-45b7-8752-913a355c1116.jpg,2022/10/217747ec-b920-479a-b61b-71fe2426f1c3.jpg,2022/10/b32fcd7f-2d45-4f90-90f3-c33581903254.jpg,2022/10/fbbdaa66-110f-4aac-b76e-9829a2a4e909.jpg,2022/10/537be8f9-a505-44e7-8dff-ac22bc140661.jpg,2022/10/15a3fd21-79fa-45af-bc2e-db4537527dc4.jpg,2022/10/7928fd63-e8c6-4cd2-9e70-fc8ff45c8a9c.jpg,2022/10/0890c0a9-79f4-4884-b6f5-d1dada939a96.jpg,2022/10/9543a63d-2046-42cf-bf9c-5f6db4df040d.jpg,2022/10/56c013c4-f43f-40c4-8c94-8e498ede05ca.jpg,2022/10/1b0a142e-adec-4c14-92c8-cc3822d7077a.jpg,2022/10/8d5d9dec-6318-4480-8c90-349f8b70bb7a.jpg,2022/10/562bee6d-1120-480b-9846-b820e5a52a51.jpg,2022/10/f1f12586-e539-489e-9876-3084933affc0.jpg,2022/10/b104be74-0d36-456b-9ead-8533b62e6ab9.jpg,2022/10/5fd698c0-f8b6-4dcd-adb7-20c975949c97.jpg,2022/10/7406012f-8c55-42f6-8f57-e972c55e5dbf.jpg,2022/10/8349dac4-622f-406f-b815-e28a5954c64c.jpg,2022/10/6356a1a4-957c-4116-a23b-080641d3ae78.jpg,2022/10/29fa6376-b41f-4521-8e36-48045212ee7f.jpg,2022/10/fff36f90-175d-496d-9ce6-c91088714538.jpg,2022/10/274a5cd4-4ee4-4b0c-9527-bb2e0fcdf24c.jpg,2022/10/7f65b31a-1f9e-4c96-8fdf-bf52dcef9ecd.jpg,2022/10/1c3d59da-9451-4e5c-b238-9cb446462edf.jpg,2022/10/13e68fff-deb7-4b83-ac9d-8e82b2b1ef92.jpg,2022/10/de02f98c-02ef-4ec2-9590-4774bd526e49.jpg,2022/10/6d5d1c1a-f9b2-4a5d-bca9-1b26d70aff8d.jpg,2022/10/50658259-0c72-43d2-9505-9c26e760d188.jpg,2022/10/85822a8d-a99f-4b75-99d7-efac5c98a4b3.jpg,2022/10/6c6256a4-d2ba-489c-b528-cfd883846558.jpg,2022/10/5e8276f7-a86a-4173-afe3-3aaa8ee704f8.jpg,2022/10/da1290fb-c970-4ed5-a7a1-81829023dcf1.jpg,2022/10/34b86a9d-409f-4859-8747-b652a7d26f1e.jpg,,2022/10/d035c2c5-dc74-4abe-b23c-319d51403a2e.jpg,2022/10/34626ce1-dfb0-4c70-8718-599fca98cec3.jpg,2022/10/505c5cec-e965-432b-9ea5-245184651f92.jpg,2022/10/780e5ebc-0658-4b73-8e80-77a867d8286f.jpg,2022/10/e40b7b40-7eb5-4f81-aaa1-ed3f75c25f5a.jpg,2022/10/56db5101-bbbb-4843-a394-eb85676375e8.jpg,2022/10/afc61e31-91a1-4cfd-95cf-61478a1b9991.jpg,2022/10/f151bee1-1acf-4c71-9f80-7d941dc52a0a.jpg,2022/10/b8109b63-a100-40f1-aa5b-8c0c12af60e7.jpg,2022/10/2b1d7e6a-74e0-4760-89a4-902506b96b57.jpg,2022/10/5f8d3ac3-ac4f-4697-a328-07a53e5b22d4.jpg,2022/10/12d46ea1-c09a-45c4-a8db-ce8aeeede928.jpg,2022/10/502a8a55-7ef0-4ac9-915a-81f7188993e7.jpg,2022/10/88044495-09bf-4b0c-a256-b1a9b44af990.jpg,2022/10/d35bf5ba-418e-4172-b0f8-4d8412420f21.jpg,2022/10/4d20a321-67aa-4a65-980a-27794391c345.jpg,2022/10/23befbd2-479f-48f5-8d59-a8cb45cb4d13.jpg,2022/10/e5f7feea-1ff2-4393-ba7b-bf2868d95286.jpg,2022/10/212c9f30-96e0-481a-8ebc-915842822178.jpg,2022/10/4fce4ddf-3d45-4fb9-8330-74a5afbc8d75.jpg
2022-10-30 15:07:00,2022/10/e9ace309-fe8c-485f-8341-932e5a9ae248.jpg,2022/10/60cf985d-1ef1-433c-a33d-e5cdd1157d84.jpg,2022/10/daceb63f-bcc8-4b92-aacd-1f90a1af33d1.jpg,2022/10/daceb63f-bcc8-4b92-aacd-1f90a1af33d1.jpg,2022/10/1a18a6a1-f5b4-4d7b-bc53-86c210814616.jpg,2022/10/303f3091-db82-4f53-a141-cd7adfd043b3.jpg,2022/10/2bef0635-65dc-4246-aa38-d2731dd2d718.jpg,2022/10/4f3394f8-88ba-425b-90c6-dd37d43d433b.jpg,2022/10/a5835d4e-62f0-46a0-aa83-af87320cca9c.jpg,2022/10/d0628dd2-e828-49df-9e34-4946e037e7a3.jpg,2022/10/a31917d3-40b1-420c-bb07-3ab561bbc099.jpg,2022/10/76f73856-fa6e-48b8-bf06-dc2bfbc76f5b.jpg,2022/10/fa114f7e-4073-4e5e-9298-6c2fa1595e7f.jpg,2022/10/6c6866c1-fda3-4665-bf0e-43cf65457ad8.jpg,2022/10/ce7bb744-6b06-4caf-ba73-33b6da9f5855.jpg,2022/10/895170f2-3eb6-4d1d-8b89-2e546361f8d7.jpg,2022/10/aa954e76-0e93-4e3f-93b8-8b8bb3ddce69.jpg,,2022/10/13e8a605-c4a7-4be8-a4f2-d451375bbdca.jpg,2022/10/241f73e6-5633-413b-9c55-2520cfb92f56.jpg,2022/10/abf59b6f-0fd0-4740-bb0e-1573cc3b266e.jpg,2022/10/6d49a346-7796-4a39-9eee-7c5eefd4bea1.jpg,2022/10/1b164073-c1e5-4be3-a2a1-4fde9a16b346.jpg,2022/10/ee336ce2-c88a-444d-bdd1-eeeacc5ac908.jpg,2022/10/3ecd8893-bc1f-4368-af11-9ec5a31710ac.jpg,2022/10/b4d2e54c-a3c9-4118-a71b-9e4b164b1961.jpg,2022/10/52c39c7e-d951-4070-a53e-d0aa0524f628.jpg,2022/10/4fcf61e6-8e76-49bf-b2d6-53237ef6b49b.jpg,2022/10/a3a2fbdc-5913-44bd-b82c-a72914bf5e86.jpg,2022/10/8e7128b6-1cc4-474b-a7c6-72a268558742.jpg,2022/10/d84a3469-e683-4e88-9756-4b47791fdd81.jpg,2022/10/ac1fb586-98e5-46c9-b46c-be31f7f83d74.jpg,2022/10/2fb01579-8bba-46b8-8e4f-74e3299dc0f0.jpg,,2022/10/cd7f7f3d-b791-454d-924f-eb1aa1e4a68a.jpg,2022/10/c819c166-0e27-4dd7-8750-ad96991cf967.jpg,2022/10/8282d37f-01ef-4d2c-a171-59e4924b9be8.jpg,2022/10/14035c69-db4e-4090-b602-a7704717325c.jpg,2022/10/7ff2c42e-66ed-49be-812d-881399be60f8.jpg,2022/10/cf6c8303-91be-490a-a33c-16b4d6c9ef96.jpg,2022/10/dce8e598-a8c4-491e-9f9b-75d52c9f260e.jpg,2022/10/ab6ee9bb-dfb7-4b32-aeec-1ebaa0cc4f6f.jpg,2022/10/8038e108-1023-4b12-88e3-13b579d02961.jpg,2022/10/346dae56-61d8-43b0-b463-7c33714c8e8d.jpg,2022/10/2bac436b-bb38-4df9-94aa-77ecfe7040b6.jpg,2022/10/4f88aee2-64ef-4816-b913-aa6c450764af.jpg,2022/10/21ba999c-955c-4a81-899a-df688e6860c4.jpg,2022/10/afcc14a7-8bec-432e-bbb0-06bedcd64297.jpg,2022/10/87cd7c1d-aa80-4270-82a3-742464e4b3f4.jpg,2022/10/ea406064-d4a2-4e1e-ad17-22164e2ed303.jpg,2022/10/7443a9d8-bb8f-4cb0-9e64-35b2f5dc064d.jpg,2022/10/a35ee306-d4fd-4c71-848a-1265bff29b12.jpg,2022/10/413eb709-c6e4-4cee-b7f2-0104c0dd08dd.jpg,2022/10/1efc66b2-5349-41eb-aab9-89dd12a2926a.jpg,2022/10/88c0dbe1-35ea-4461-b211-ad99091db094.jpg,2022/10/c56186e8-9cc2-44a7-8fb6-d97f56dd2f08.jpg,2022/10/10a057e8-46ff-4cd5-9098-34d5fe0be150.jpg,2022/10/47454fc7-6cb8-4601-9f33-c88c6bb6ed10.jpg,2022/10/a5ecad83-ae4f-4111-99bc-7c37e64a1522.jpg,2022/10/9ac8a3e1-82ee-4c62-8142-306a2f1053fb.jpg,2022/10/f45df8b8-0ee3-4aa2-b3c7-3a42be52873a.jpg,2022/10/321f110f-4e3b-480b-90dd-9523529cc72f.jpg,2022/10/6b3d775a-2394-42b6-bf6a-c30745ba8e7f.jpg,2022/10/e1517f22-ac3e-4aed-94f6-6159199a35ea.jpg,2022/10/cbe641f1-62ee-41a0-b2ea-50f80c64fa15.jpg,2022/10/9abe7e99-f07a-41bb-8961-4bec180191b2.jpg,,2022/10/8a118055-e2c2-4c62-ac77-b06409a54722.jpg,2022/10/3e54c434-d646-4d8c-8485-ebbc04e580ba.jpg,2022/10/b6bc41b2-8668-45a6-bb03-a2e3874d02a7.jpg,2022/10/26a25e6d-8648-49af-b05b-c14974b44aad.jpg,2022/10/e3330f9a-aef0-49a3-9d72-195b2c89f652.jpg,2022/10/f0b425f7-115c-4b90-8669-2ac780216908.jpg,2022/10/91ebf0e9-d094-4b45-ab86-209ee775822d.jpg,2022/10/79be28fb-4c9f-4d3a-acae-3d02245243e1.jpg,2022/10/f852c861-43da-4d8e-86c1-acc64d6865ef.jpg,2022/10/9633fb3a-f7ac-44d4-b23e-3f4991dfbf57.jpg,2022/10/859e6528-3c4c-4e82-8ca2-bdf3b562f13a.jpg,2022/10/527e1794-e8d6-4042-9c42-ac217119e6c7.jpg,2022/10/06b0d200-1b8f-4506-bbd8-9a42d969fe28.jpg,2022/10/cda964ee-089a-4c0f-8475-4a629290c00d.jpg
2022-10-30 15:12:00,2022/10/fc6afead-b7df-47b4-9586-7b1d10bb2148.jpg,2022/10/7f60ef46-6845-4726-b3cb-69e047843939.jpg,2022/10/9d415490-e52f-49f4-8c75-51ebbdd54fd9.jpg,2022/10/2d3ea773-ec89-4731-b5a6-46ec4199534e.jpg,2022/10/68af2e7d-912d-4d09-ab48-f7b03c77d741.jpg,2022/10/fe8916b3-2502-444c-8df8-681969dc859c.jpg,2022/10/9c7a51e5-00e6-4be4-aaa3-cf3072739535.jpg,2022/10/75e1c9ee-9ef1-4654-9b6b-b396f3e68448.jpg,2022/10/72d7c726-78ac-47c0-9301-2bf3d3554738.jpg,2022/10/66aa256b-5dc2-4b68-add6-9082ecbc358f.jpg,2022/10/810fe918-4956-4706-9bc0-947c39da3677.jpg,2022/10/83e4a6af-e083-45e4-b52d-e832d4ad24b0.jpg,2022/10/902e1197-3f64-42e8-afd7-f71e6a0a6195.jpg,2022/10/6094a870-ca3d-48c0-a11b-ede3099472f0.jpg,2022/10/dd465903-8a35-4007-beac-74611b79b27c.jpg,2022/10/f8003dc4-58f6-4ff9-a1e6-2452229d029b.jpg,2022/10/c9847ebe-f1ab-4919-8737-5989e3f6bcad.jpg,2022/10/457ba20e-0487-43e9-9edd-e568bbb866ba.jpg,2022/10/d5b52687-33fb-4c5b-b20d-fa103c60b271.jpg,2022/10/24855418-be0a-4dd4-955b-fb34db6ea81d.jpg,2022/10/23549d40-caab-40c5-9471-91adb866e789.jpg,2022/10/1695fde7-565c-4cad-961d-afe9e3ea18c1.jpg,2022/10/e70fab2a-dc62-44a4-92c2-9f76a821f5d1.jpg,2022/10/9adf7b94-a2bb-4200-913d-c1a2b3a681b1.jpg,2022/10/0e7efaf9-88e5-49fb-91a3-ddb73f3197a9.jpg,2022/10/7eb21b0e-09a7-4435-871b-cc5e3ffae923.jpg,2022/10/e6f451f2-9048-4e4a-b384-f0fd81f4fa01.jpg,2022/10/ded917cc-c4e8-4f84-bf56-207442f35fe1.jpg,2022/10/5d853ce8-3cf6-480c-ba83-417396e5ac80.jpg,2022/10/dc1a2bd1-679f-45ba-ba35-aa2755bb9bf8.jpg,2022/10/c67e3bc5-f037-45ca-93d6-8497c362901c.jpg,2022/10/11ac47a3-4f05-445b-9022-02cf155e2ac4.jpg,2022/10/1f1921ac-08bf-4684-9aa5-1e1b25ff46b4.jpg,2022/10/897da6e2-7cc6-4a55-b98a-87c90ef5d0ea.jpg,2022/10/e5f8863a-3c40-4bae-b9e7-fa2a22aff383.jpg,2022/10/d80394b5-0ebd-42f6-ac6a-4abdfa78c7c0.jpg,2022/10/3354182f-bf8a-4799-9d5e-272c64b236e8.jpg,2022/10/b6e2c563-7861-4ff5-9f80-33a87979fd69.jpg,,2022/10/b57dec5d-2ff1-4e57-87a2-3533d083faf0.jpg,2022/10/49c6c2ac-2a05-4f82-b2c7-51322956a20a.jpg,2022/10/6ce128ae-7990-4198-b3d5-65872cd91131.jpg,2022/10/4aecba66-374f-40cb-940f-440f2ddda0c9.jpg,2022/10/922f1e5a-2e53-43e9-a522-f8ace84ce84c.jpg,2022/10/4a4ad6be-b749-4a08-9f9d-5cb18ecf2d2e.jpg,2022/10/cb84e9fd-7b0a-4fb0-a3df-ebbf71a504b9.jpg,2022/10/c7d017b9-4aca-4baf-9b77-6f8eedae9618.jpg,2022/10/4c495546-4099-4d5d-9137-573e3a6e2159.jpg,2022/10/b85247ea-ebde-4c1e-8c00-4c2eb6ce8f7e.jpg,2022/10/2ac009f2-a205-40ab-864c-ee316f441ebc.jpg,2022/10/5de0909e-cef0-4feb-bcc4-e1b8872e4e4a.jpg,2022/10/b4ec258c-729b-4d7b-a71b-b0243fe389f3.jpg,2022/10/b7003bd2-4f2f-4689-9a34-56e0505a8d17.jpg,2022/10/7747a309-6741-40f9-a243-cbd8a9b82175.jpg,2022/10/5b0fde77-58c3-4da1-b8e6-70c2e7fc7905.jpg,2022/10/9c03d9a6-df88-4520-86f4-0aa1c842c434.jpg,2022/10/b5cb8f93-5dae-4f7f-abc5-6e114d7d4c1c.jpg,2022/10/2d1e2d11-eb1d-48ca-b6e7-81514c74165b.jpg,2022/10/f21d0d5f-acd6-4650-b904-549b8a8c3abc.jpg,2022/10/3f298160-69a9-4dbd-8536-f347e694832a.jpg,2022/10/1f87f2aa-51e8-4398-a262-bf92721a0e45.jpg,2022/10/564db511-39d3-4427-ad23-f02939d7b548.jpg,2022/10/2bcd15f8-be9f-48de-a86f-8723d719067b.jpg,2022/10/e82eacd5-5b65-451d-bf0c-3413e4fc8a59.jpg,2022/10/62440cdc-4b40-42af-8356-a825b007d166.jpg,2022/10/982d776a-f9af-4a56-96e2-78e0dcd718c5.jpg,2022/10/427ebce7-14a7-4ce2-81a3-af2304956750.jpg,2022/10/113a41e8-c0ac-48d0-b702-24f6b8bfb31f.jpg,2022/10/4ad6cdf9-7ced-42f5-ad8c-2b92cfe5815d.jpg,2022/10/ac29c9a7-aa20-4f68-8a9c-2de9984ae5bc.jpg,2022/10/0e05bdde-454e-4a56-b175-775e9cb9e8fb.jpg,2022/10/0dd0cb06-54a8-4fa7-a8d6-8a61b9c115db.jpg,2022/10/d29c1386-3209-4589-a041-c25de202a707.jpg,2022/10/7e71c515-6cc3-44ed-a5fe-4fce83e68653.jpg,2022/10/069f8a78-4752-4359-aacd-45c76d246398.jpg,2022/10/ca87bf31-6ea3-49ae-b2b0-d2e16735af2c.jpg,2022/10/741e77ac-44db-4b8e-921a-b1faa1703dc0.jpg,2022/10/c02d5ca1-7d9c-4164-9268-3e1e629ed586.jpg,2022/10/64c606cc-a345-45a1-b0cd-6edbaa053509.jpg,2022/10/824c5f46-0ce8-4324-ad72-05205ed3c272.jpg,2022/10/7fca5f1a-a9b4-4599-92d4-3867e984a5e5.jpg
2022-10-30 15:17:00,2022/10/b065b0ef-7494-4d93-8832-ddc83d597052.jpg,2022/10/f16f8761-89b6-4a09-8e68-cddf4927e569.jpg,2022/10/a916b606-9a3c-4150-b3cd-07c66f0fcd41.jpg,2022/10/8896168c-e125-4ffb-a229-8aa7eb1fdd72.jpg,2022/10/09cfed06-675e-413e-af8c-dca1d48e5e3b.jpg,2022/10/aa3273a4-90e9-474e-9d3d-ab02b3d1e50d.jpg,2022/10/054694af-5343-4df1-b350-f2427dae4911.jpg,2022/10/fb42f87a-9684-4c52-af04-fc55365943d4.jpg,2022/10/d5d7503d-d6ce-4601-afc7-86ea8607e7b7.jpg,2022/10/f8255007-137e-4515-a243-62f173f0f63b.jpg,2022/10/69f0e81f-b034-484c-83b5-db962191fd2d.jpg,2022/10/b0e59e7b-178a-4002-b581-a7c6b5ac33b5.jpg,2022/10/9903cc60-c890-4369-8bbb-707ca8fbd629.jpg,2022/10/b8599fa9-42b4-4b8b-8747-1a52f68ac467.jpg,2022/10/c0555cc7-ab7b-4a05-a0ba-1a06857063ec.jpg,2022/10/34685092-57ce-4fcc-9bef-9c6153ec7032.jpg,2022/10/23c3af30-5b53-4ff1-b922-33ce610f230f.jpg,2022/10/5f96976f-0124-4a7b-a1d0-2c082364bbf6.jpg,2022/10/a2b50279-2311-4137-949e-6332f9c0a5bd.jpg,2022/10/f0f5c7f0-4617-493d-8c60-452060a7ca04.jpg,2022/10/031f320c-7b2e-4029-9b3e-85b536e16316.jpg,2022/10/7a6d2c6f-b5ae-485c-9fba-1f7ca6b229fd.jpg,2022/10/3173696e-f492-42c1-b51a-0d734d97d80d.jpg,2022/10/3985cb3b-14a8-4f9e-b4dc-ae8d6f0ff58d.jpg,2022/10/860aa109-df35-4f91-bb3f-c2ce367a24d5.jpg,2022/10/3759d691-323a-4519-82b2-0e18c9a4cff4.jpg,2022/10/5fa85243-5db3-42f7-bb34-627f22c19ab8.jpg,2022/10/6f5f669d-91f0-4bca-88b0-97f4852fd6d8.jpg,2022/10/22e20f2d-c76a-4e6f-894e-511587606a93.jpg,2022/10/bb9016ee-da76-4aac-b7c7-2945b2752370.jpg,2022/10/7484618b-3e5c-49c7-90f4-9a541ecc89cf.jpg,2022/10/0b2fa2d0-628b-499d-a717-0b757b678fbc.jpg,2022/10/e28bab3c-31e6-4776-bf38-4c144e26fe4c.jpg,2022/10/ad11fc8b-f46b-41bb-af7f-8ef817de4adc.jpg,2022/10/17b19ef2-1456-4027-ac6b-9cacca5faff5.jpg,2022/10/a20e0b90-f322-4845-b845-43a397987529.jpg,2022/10/0cc104a9-cfda-4625-a85c-6bb3c43a7596.jpg,2022/10/147cf694-3b14-4320-b257-01fad1eba870.jpg,2022/10/87beacc2-ac37-41c1-8730-9da3cf2e4c27.jpg,2022/10/55be984d-a462-4b62-90cf-4c1c586aa38b.jpg,2022/10/c3a085d7-7423-4f2f-8980-b952ec903510.jpg,2022/10/3ce5fd4c-48c1-4fdf-af4d-545dad1d731b.jpg,2022/10/3f1aed81-5f36-4ee7-9e9a-ddc968951c07.jpg,2022/10/e4ea769c-20a3-41f6-9d1e-908abebf797e.jpg,2022/10/6ee88531-8bb7-425a-b6fb-897f7d23c439.jpg,2022/10/c9b8aebc-caef-4745-8217-a4011fed6ffa.jpg,2022/10/790cdab9-21f9-4c28-a786-980a87597a9d.jpg,2022/10/3799015b-6d47-4276-9709-3928286eb4ee.jpg,2022/10/064127ec-ca96-4d5e-8340-a011414f54c2.jpg,2022/10/8e2ff49e-01b6-44ff-85a5-ac041e985b4a.jpg,,2022/10/83e27e5f-6c1c-40d6-9c1c-e01afd123b28.jpg,2022/10/495d1aaa-8960-4074-a775-dc0d56071400.jpg,2022/10/d7f3decd-58ae-4345-a2b1-de07b543cc13.jpg,2022/10/6d71f2df-fa78-426b-809c-94dbf3c918be.jpg,2022/10/8703175c-1d09-42a1-830a-c3729372cb04.jpg,2022/10/73c9d09d-6fe5-4675-9eb8-c4611c262424.jpg,2022/10/bd3e5eb9-083a-4bd5-8228-8879f5dd697e.jpg,2022/10/2f5b3381-c368-45ec-923d-cce7ab663c66.jpg,2022/10/ede4e317-3f30-4e24-84c9-8bf1b0968d1c.jpg,2022/10/b719a3fd-fe09-4cac-852b-30c6a3971d4a.jpg,2022/10/4007a67e-3451-4fa2-8761-3b7936044314.jpg,2022/10/fbd1fdfa-a32d-4e5e-8e69-afe38b6ef931.jpg,2022/10/5d5ad40e-24ef-4bce-8d76-ba7f43d24c54.jpg,2022/10/9102e89f-929c-45fc-bfa9-cddd4f2b54e8.jpg,2022/10/854a46d1-164f-4a0d-8f79-0176cd38f398.jpg,2022/10/25876b40-56dc-4d2b-9b9f-1f7d812b124b.jpg,2022/10/1c571287-20fb-47cf-977a-4697d757e113.jpg,2022/10/2ad2be85-d556-43c8-8a59-51c7bd7c4798.jpg,2022/10/13180a96-8ab8-4bdc-b466-1cc5580056f7.jpg,2022/10/8c550ec7-2d03-4764-8a44-7432eda1e6a4.jpg,2022/10/7309fbac-fe87-43ff-bbfc-6dfb768cea97.jpg,2022/10/bbe57453-fe37-4864-9071-ceeeef2f7db7.jpg,2022/10/8f24f907-2b47-49a7-b2c2-01ebc8ffe120.jpg,2022/10/295f8c5f-a0e3-4d62-b620-d6b0bc706774.jpg,2022/10/bf3d3fd6-779b-4172-9f94-1959ad4b128c.jpg,2022/10/0dc9cc57-f835-4524-a3a7-67a23f7b6dca.jpg,2022/10/90140c25-5daa-4101-b1d1-934b5a9b5592.jpg,2022/10/59e6b18f-cdb0-455a-a500-9152d1d64cf4.jpg,2022/10/605e2b72-d7b9-4c07-bdb9-9539fd499d0e.jpg,2022/10/35dbd5f1-6530-4236-b1a1-f4fe5c7edd64.jpg
2022-10-30 15:27:00,2022/10/526c322b-ca97-41cd-b77b-4ad3813a2db5.jpg,2022/10/76cd806b-1c78-45ea-888d-65ff060870e6.jpg,2022/10/4c21df86-fcce-42db-92f3-e51968fcba5f.jpg,2022/10/3af8a722-9245-47e8-8153-5bbcbd2170d9.jpg,2022/10/ffe74c58-2b64-474d-bf51-d558d4964eba.jpg,2022/10/0359385d-061c-475e-b267-896b833273e8.jpg,2022/10/98404976-9139-4556-aa94-14122d33d7b0.jpg,2022/10/5c33af7c-a92c-4871-b67a-c0f0acf24ac1.jpg,2022/10/be629c3f-8019-4c2f-b6a7-535809ee803a.jpg,2022/10/b18d3c3d-c51b-4f1a-9738-e1bcf89dab8f.jpg,2022/10/415962f7-2039-4320-acdb-1fe20b04e8ff.jpg,2022/10/3b2fd41f-080b-4670-a70f-64c26ee308bd.jpg,2022/10/4194567f-4afc-495b-8213-11922e9bce50.jpg,2022/10/b2be094d-fb8f-482d-b06b-8520951cda57.jpg,2022/10/55f7a91f-971a-4d3f-928d-823c9579f9cf.jpg,2022/10/2f26a2db-4308-42ed-992d-4c3c2f4c4921.jpg,2022/10/a10c5273-bea7-43fd-81fa-0229f19eb224.jpg,2022/10/1dfacc81-c6f6-46e3-9ad6-4025fed70b61.jpg,2022/10/258e9e23-3a20-4884-ae7e-80647eb75699.jpg,2022/10/7c860f92-7572-4c1d-b132-6b318eeed024.jpg,2022/10/8c2ce4af-9d32-46e9-a53a-82714a81aeb8.jpg,2022/10/f93b7ea6-987f-479e-8947-ad86659d2a1f.jpg,2022/10/3f141eaf-d60c-4722-87bc-0cb759bdbf4f.jpg,2022/10/4b46e4d1-e81f-448c-a4fc-162b35f2b0be.jpg,2022/10/401b404d-7773-4a08-9ccc-fd409c033c73.jpg,2022/10/29f9365b-8af2-4e55-ad41-6e3376a51a4e.jpg,2022/10/2b453a25-ce1a-48d8-9b52-5cbaaedc3090.jpg,2022/10/0f0ab77e-24c6-42a3-8165-bddccaea872d.jpg,2022/10/e6547842-1d9f-4f64-be6e-52b899e796dc.jpg,2022/10/631c3e4b-cc3e-4dee-8b4e-690e3bcb1980.jpg,2022/10/5e8293c9-5619-473e-8805-a9d491f68730.jpg,2022/10/ef49455c-7021-4aee-8aa2-1adbcc319dd0.jpg,2022/10/f9000a1c-bf27-4697-84d3-15ca5274cde3.jpg,2022/10/ea94b6f8-e4a8-4d13-8783-5bf9287d25fb.jpg,2022/10/0a80c179-bcc6-46e5-9dfe-d656b90419e1.jpg,2022/10/6f216e77-7c6c-4a58-a0da-b3c137e242c6.jpg,2022/10/9dd0ddb7-b5b4-41c1-8db3-a8b8ad1e78f4.jpg,2022/10/604f66e1-fbcd-4273-9879-e172fb7c3f28.jpg,2022/10/548b6c6e-317c-417b-b914-f5afb51e8de1.jpg,2022/10/682786f3-cdd3-40ce-bec6-f086f7d45cb5.jpg,2022/10/16aedab1-0142-4753-9e77-fa1351811199.jpg,2022/10/5fa0ed14-87de-4e56-9987-ba68e42d8246.jpg,2022/10/895f7bce-3a26-4ce5-b7c6-b9eb77756924.jpg,2022/10/cb6f7307-9628-4037-bcc5-35e773d83545.jpg,2022/10/f26cfa43-9906-4182-b463-1c2e3eda77e1.jpg,2022/10/734e880e-cb29-4ec3-a332-59322433e179.jpg,2022/10/9a4b60e0-3d89-4939-8b3f-af94243ff231.jpg,2022/10/08d0cf05-3bc9-4aa4-8eb6-16e4bea8519f.jpg,2022/10/7a376c0e-022c-4acb-a618-ee75634e3af3.jpg,2022/10/fb1cc56e-613a-4dc9-b742-78ea18a1aec1.jpg,2022/10/96d05ff9-c9f5-4214-bd29-b6ed07feb692.jpg,2022/10/6228f62a-5125-45bb-98e4-8463778d744b.jpg,2022/10/702414d7-f0ee-42e4-9de1-47d3712cef0b.jpg,2022/10/1be2a5bd-5b82-4301-ba55-bad210d9ebc9.jpg,2022/10/6f712f35-b144-4fad-aa32-aad00273ad56.jpg,2022/10/28a8a242-7deb-4f03-9804-64d37caf5a30.jpg,2022/10/992ac64b-e421-4d7d-878c-991a449bc4f8.jpg,2022/10/26d9462b-f736-4ddc-a058-071491c7d8c4.jpg,2022/10/477a28f3-de89-4758-af71-effabe0680bf.jpg,2022/10/eecf568e-3a6f-46df-ac7e-d1690ed5f7c7.jpg,2022/10/fee08904-2e2f-44fd-aa43-d9bafb9ae876.jpg,2022/10/385cd388-f9c7-4d84-ba00-af12fbe3b842.jpg,2022/10/8547188f-8553-4694-9e00-604d79dc37d3.jpg,2022/10/6f7b6ee8-9c3f-40ba-9b9d-cf61bc370adf.jpg,2022/10/4372dec3-c5ae-453b-bff3-d9d0556b4800.jpg,2022/10/f4b91d34-27c9-42a1-8406-e4a85a5be86e.jpg,2022/10/4867969e-a891-4601-96ac-0428fb824f4e.jpg,2022/10/b567a86f-3957-45fd-ad8b-8b550e7d8ca0.jpg,2022/10/6d52286c-a9c0-4489-8b75-d3430c717e38.jpg,2022/10/24ee17bd-5f3e-4762-a392-9c8980cd9343.jpg,2022/10/77733319-c797-4165-8639-95edec663b97.jpg,2022/10/cd17b2c7-9e30-453d-88bb-926fa07a4276.jpg,2022/10/3473b205-7133-414b-8d5c-0e1672ae4fb5.jpg,2022/10/a65ba01c-33bd-4cf5-8a65-dc9e785cb3e4.jpg,2022/10/0412acd9-a347-47d5-8220-3255fc733263.jpg,2022/10/a45af20b-542d-4a4b-9f28-1dc94b3c79ef.jpg,2022/10/9246a46b-310a-41a9-ac7b-2c0bbaa5c36a.jpg,,2022/10/088a6efc-c302-49f1-8b62-784e0ea4c362.jpg,2022/10/b6491290-9096-4ba2-8b82-169aca4578b2.jpg,2022/10/def73196-2c3c-4b39-8e4a-e94abd166b51.jpg
2022-10-30 18:06:00,2022/10/443af1bb-8440-495d-b394-bc2c8352acc7.jpg,2022/10/9f9e2933-08cc-4228-956e-307d20d1e645.jpg,2022/10/f53c23ea-58e4-4ded-9767-4321160d7224.jpg,2022/10/bdc91730-8c1f-4558-9680-509259c3688c.jpg,2022/10/b5a8e8ff-45b9-44c3-938b-5f7a22bd9301.jpg,2022/10/12b00172-dd72-4e41-8843-d10ae912da9b.jpg,2022/10/79db0422-433f-49c7-b1b6-7753479ad778.jpg,2022/10/72aecb58-2451-4c38-9434-7d95b14f48c9.jpg,2022/10/8fa807d8-611a-4ba1-8c03-86290d04629a.jpg,2022/10/8d4f7c5d-e25c-4666-b3a3-27a8584e4ec2.jpg,2022/10/b0efecdb-3c91-4dd2-affc-f350b1bf6cb6.jpg,2022/10/5e7a0549-5bb2-4c95-ab5c-3d4edb2e2950.jpg,2022/10/f91ec638-497f-438e-bbcd-f54a9137f754.jpg,2022/10/38d45e9c-1bee-4bf3-8bc2-9bc68fe9af77.jpg,2022/10/d4c6c7e2-fab9-46f3-b6b5-83537d6b61b4.jpg,2022/10/cffcadb5-fa73-4bae-ae3f-f3491e63f425.jpg,2022/10/115792d4-535e-4df7-9563-ce50c749344e.jpg,2022/10/988ba6c7-07ed-4d97-9e75-fd3f168d381c.jpg,2022/10/d61eb543-2b3e-493c-8ba3-8858be4bf8b9.jpg,2022/10/0d6eced4-0866-4716-9a12-c7e524875618.jpg,2022/10/3a8730bf-7e47-4c27-ba99-d4779db2f29e.jpg,2022/10/5ad0fbe6-dec8-44cc-b2b1-06cab3d62446.jpg,2022/10/ecd5ceb8-3080-4403-8972-9b6f7f503d92.jpg,2022/10/20704a43-0fa8-4571-ac36-c510aca97eff.jpg,2022/10/88ffd467-9d88-43e3-b7e4-042a671ea08c.jpg,2022/10/3e2b3d73-4ce9-4c8b-bbd2-5fa549e4dece.jpg,2022/10/9c5b63fe-866d-4996-bf6c-9ca94ea09a85.jpg,2022/10/23d27ee7-3a6b-41e9-964b-473500ca52a9.jpg,2022/10/1f21179f-c987-4ea5-ac3e-63988869e6c2.jpg,2022/10/e3359b10-ffcf-417e-bed5-7dce96fbe9f1.jpg,2022/10/39cc6345-e683-4645-ae44-29a9090733c3.jpg,2022/10/2c2dddac-de84-4534-a692-53535c3dc6d8.jpg,2022/10/16b43570-b0a1-41c9-935c-f846c3a64a49.jpg,2022/10/a1c70e0a-9023-4a12-814c-d10c5b741db8.jpg,2022/10/7cbe9425-9a2f-41ac-9df1-85a61700813f.jpg,2022/10/0842da74-663a-462e-94b9-ba42c044bcb3.jpg,2022/10/98255fd6-f358-46cf-a84b-a5596d31dfb2.jpg,2022/10/c7e8f97f-7e1e-4949-aba3-a3779e2a5c64.jpg,2022/10/671e2375-5aaa-46aa-a982-f045153295a5.jpg,2022/10/8f4a1424-17e1-4256-b85c-2cabad1fcc9a.jpg,2022/10/1ef0ae08-511f-4ede-aac3-7a90cfc9a8b5.jpg,2022/10/912dafd0-146c-42e8-9207-d39acff35b35.jpg,2022/10/82fe176a-bf53-4bf4-bff3-8b89772771cf.jpg,2022/10/d42a4f9b-bdce-4904-b083-4d87a81defd9.jpg,2022/10/18fa5d6a-8c0e-4509-bf6c-27d987908891.jpg,2022/10/96f21a09-3dc2-489f-92c8-062eaaa69be3.jpg,2022/10/38658077-0ab7-4ea2-a807-b0d479ecc1f9.jpg,2022/10/64af4a9a-84df-4334-b6bb-935724cb8d1a.jpg,2022/10/7e71d5b9-6231-4411-b34b-bb1bf84c018b.jpg,2022/10/b1b65769-51fc-4ed6-a93d-1a5b5911d8d6.jpg,2022/10/6bc378fb-b300-461b-9476-ab1336f1fe4c.jpg,2022/10/4a2761d9-d271-4840-89ef-e71c5d73616f.jpg,2022/10/33c59308-7278-49e7-83ab-2d06548e7998.jpg,2022/10/a7afe7ad-ed20-44f6-b1d0-ac5c9d53a3ba.jpg,2022/10/cf23dfd6-8788-40ea-ab8e-6aa874767488.jpg,2022/10/05b0e9e3-5dc4-47be-a4f4-f012bf4ac824.jpg,2022/10/a4eaab34-5ab3-4ce4-ba9c-b3bd946edd4e.jpg,2022/10/a60ec37d-8e7b-4ea4-bd30-513b6278ccda.jpg,2022/10/08ac1644-7f25-4094-9385-3473df723b82.jpg,2022/10/117b73c1-1549-48bc-947b-0cb72131c605.jpg,2022/10/f8912f59-cb11-4551-bda7-19ca39d762e6.jpg,2022/10/b874a275-6b7d-49ef-871a-c74c03ac2d88.jpg,2022/10/21ca5303-c024-4152-a1c6-77114c33d0c2.jpg,2022/10/a03a8989-6efb-40e9-9600-73e1c06cd003.jpg,2022/10/5d80a50d-dc31-4278-8e53-9a0b4b55d2af.jpg,2022/10/48cd0524-b283-479f-b18b-27086c95396d.jpg,2022/10/7fb55264-d383-4985-b2d4-cc13f4fbaa0b.jpg,2022/10/48744cba-5012-4f1e-9072-dbd4d1183bb8.jpg,2022/10/24f589e0-a4be-4c03-9b0b-dd11229bf35d.jpg,2022/10/3c33e61e-2218-4bdc-a88d-2e86d32d1816.jpg,2022/10/756cde2a-f2e1-4417-8eef-a03a801bf53b.jpg,2022/10/309a94d3-7b9d-4059-98ad-27a4d61c6e60.jpg,2022/10/91194b80-781d-465a-8d48-b801d5775cbb.jpg,2022/10/1f51fbcc-98ab-4781-9064-60018608ea57.jpg,2022/10/27c22749-0c93-401b-8bde-2a3ebdd54b39.jpg,2022/10/436682eb-416b-4513-bf05-b45394d4e8fc.jpg,2022/10/fbf3043e-c3be-4342-b459-680d157e12e5.jpg,2022/10/362e5ae7-1a35-4f42-a86e-2780832336d7.jpg,2022/10/11478eb0-a6e9-481c-9550-ec3a9c6443f4.jpg,2022/10/33aa888b-84b1-4b04-b847-fc880c629a0d.jpg,2022/10/0c0bb0a2-49e2-4064-a6ff-3a4e11172645.jpg
2022-10-30 19:46:00,2022/10/c2892f8b-5434-40f1-9683-764706bf500c.jpg,2022/10/bf3d4db0-5ec3-42d8-b0e9-a9dd8976e29b.jpg,2022/10/e7655859-6703-4c80-a8b2-372fbf1a1f5b.jpg,2022/10/b6fcc3b8-c6e7-4128-aa85-8bdede80d836.jpg,2022/10/fee77c64-1c46-4bc7-ac5f-412a2b640299.jpg,2022/10/ac1eedd3-249d-4e3c-a4eb-064dd4530fe9.jpg,2022/10/9335f937-e533-4d4f-a800-bfb7ee327c1c.jpg,2022/10/f4dcf14d-879e-4a70-baa9-8991c1f57a6c.jpg,2022/10/6ecd3c9f-a8e1-4a3e-bcac-82edc7741321.jpg,2022/10/b26cc939-e8bc-4e47-a4f0-dbaa5525361c.jpg,2022/10/1ab29bc9-b022-490c-92c5-b16deaf3d773.jpg,2022/10/4ec3f2bb-2ee8-4749-b868-e0695aa66871.jpg,2022/10/c638bedc-457d-4e89-93f5-e6e4e649855d.jpg,2022/10/3174c049-d3e3-4670-8723-ce32eed318a2.jpg,2022/10/84af762a-fe52-46bb-a4bf-b51ff8e80363.jpg,2022/10/bc9afc76-14c3-4d93-87ac-8b792ca370aa.jpg,2022/10/9109f554-186d-4d53-9538-9d86fa93deb3.jpg,2022/10/d06083b0-60af-4ec7-959e-5759a9f2b505.jpg,2022/10/4358c3c1-acac-4889-bc95-e1d3c884967c.jpg,2022/10/90c5fe6f-c731-4ecb-b0c1-213b8ced6b37.jpg,2022/10/3e0078a2-f600-4b32-bb6f-d0de40173bc4.jpg,2022/10/587b0306-02bc-41ff-9c0a-3c611ea6be6b.jpg,2022/10/0ac6123c-e979-4852-93a8-723a0b2826d9.jpg,2022/10/82345cae-39a3-47b7-a158-e75ea7900f6c.jpg,2022/10/aea2b6d2-1604-4759-a011-efba66923eaf.jpg,2022/10/6d1c3d7a-961a-4a20-ae3c-b0839bc84380.jpg,2022/10/60ffd5fa-f717-442e-8f61-b17c168536f8.jpg,2022/10/3ccfdcd2-8139-4066-9f9b-5c2de631067c.jpg,2022/10/eb8dbc01-8bbb-4b67-9de7-ba3aa3b9671f.jpg,2022/10/142fff0e-6f85-4baa-9d41-daff89d6c13a.jpg,2022/10/cfcde010-17b7-4b52-922a-9e008cf0539c.jpg,2022/10/c476bebf-f6eb-4bd1-b65b-6c4018f89b86.jpg,2022/10/4c92bc8d-4deb-4d0e-954c-0bec6e0dd742.jpg,2022/10/fcb50a42-ecea-4258-8fd5-3b9f8d834612.jpg,2022/10/9385219a-ca07-4c40-9e20-ebedcb8c914e.jpg,2022/10/eb315369-f5b0-431c-94ea-c116c36a4eed.jpg,2022/10/16116f9d-5be8-4180-beca-9443592188f1.jpg,2022/10/e6ac2f69-2c6b-4d8d-8be8-64cf7550b6ab.jpg,2022/10/80953fb1-513c-4f80-ae5c-e7fe568dce1c.jpg,2022/10/4539ae23-5d0a-4394-ae33-166a708b9921.jpg,2022/10/69df597b-20ee-4c2f-b096-5cac0fadb50f.jpg,2022/10/c83d2337-3c44-4ccc-b2e9-d0244ff2c1a6.jpg,2022/10/09e6c38c-842d-48db-babb-dd41ba676450.jpg,2022/10/045032c1-9e2f-4e81-b974-479ebf1dfa38.jpg,2022/10/621aabc7-2f37-4afb-8247-2a1b14a4742d.jpg,2022/10/38d94eb9-5919-4bd6-9bb3-b23a39e6a695.jpg,2022/10/21f9b98c-dff0-4a90-ba7c-f7fafc8a7139.jpg,2022/10/28329aa0-f531-4e23-8242-865cbaebb5f3.jpg,2022/10/74f4dd32-4382-414c-8317-9acf63c39b82.jpg,2022/10/4aa211fa-6a05-43c3-a9f3-b4769054ab91.jpg,2022/10/af6c181a-846c-4ac2-97dd-5202d0697370.jpg,2022/10/271cb2fc-866f-4047-ad55-a138fd835797.jpg,2022/10/3e43ae7d-f26c-4905-9711-59b108bc99d1.jpg,2022/10/c0124893-52dd-4bf6-b86b-b3a2a0763fdb.jpg,2022/10/cf67d224-fae3-443a-8358-8c0151e8ba9a.jpg,2022/10/d475dc5c-a6c9-49a3-8fb4-bf088a3069d4.jpg,2022/10/1ec6c4ab-78b1-4106-9b29-bcb6e0199479.jpg,2022/10/f583702d-aa3a-4a16-bfe6-1e6ca937f957.jpg,2022/10/0c215c69-8e38-4fc2-942d-56839b37b6b1.jpg,2022/10/dc7647ee-6318-452e-8ac1-995226c8fa9e.jpg,2022/10/b8c59bd4-8fcf-40aa-ac81-3b870cad7bc8.jpg,2022/10/45a8d71f-adf5-4610-91cd-2c29cdf642f2.jpg,2022/10/b5490726-490f-4f2f-89f3-c8f8535fc2f5.jpg,2022/10/1e45c90e-f6c2-445e-b4f0-30f212c58021.jpg,2022/10/fa8c15e4-b6c5-4b4a-8580-6de50ad86338.jpg,2022/10/4b8c05dc-a4fa-4e70-ac93-a78ed0aa42e2.jpg,2022/10/802b9a1a-f35a-4cd4-b64f-24684738fd9e.jpg,2022/10/ddf56b10-1efe-4ae6-a3c5-0075f5f96417.jpg,2022/10/c93fbf70-7e5e-48c7-b12d-5b4c9ce63be6.jpg,2022/10/035f669e-be61-4c13-aaf0-680368f97c45.jpg,2022/10/3d73d239-d8bc-4438-854c-7f333938bbc0.jpg,2022/10/a1f4b6cb-68f9-4aac-bd72-1e80862f2ea6.jpg,2022/10/7f5e1d8f-8db4-41cb-ab17-8db4d6f7c637.jpg,2022/10/33569524-6042-48e2-bff2-21bdd6968397.jpg,2022/10/51e4b1d3-cd32-45b4-963f-f5a5fcd89062.jpg,2022/10/eafe571b-2ee1-4433-b719-6a3b2a030baa.jpg,2022/10/d18cd54c-7422-42ad-8dd6-fc52e7a9d2ab.jpg,2022/10/03b3aafd-00cb-49bd-9b06-4bb8e2050fef.jpg,2022/10/68af0c9b-aeda-43d4-8138-b8543a3a653b.jpg,2022/10/d13998a9-874f-4695-bbfe-c31550bfe268.jpg,2022/10/0a20962f-28b3-4b85-bc45-17b45e9caea5.jpg
